:0200000460009A
:100000004643464200000156000000000101020084
:1000100000000000000000000000000000000000E0
:1000200000000000000000000000000000000000D0
:1000300000000000000000000000000000000000C0
:1000400000000000010403000000000000000000A8
:100050000000200000000000000000000000000080
:100060000000000000000000000000000000000090
:100070000000000000000000000000000000000080
:10008000EB04180A063204260000000000000000FD
:10009000050404240000000000000000000000002F
:1000A0000000000000000000000000000000000050
:1000B0000604000000000000000000000000000036
:1000C0000000000000000000000000000000000030
:1000D00020041808000000000000000000000000DC
:1000E0000000000000000000000000000000000010
:1000F0000000000000000000000000000000000000
:1001000000000000000000000000000000000000EF
:100110000204180804200000000000000000000095
:1001200000000000000000000000000000000000CF
:10013000600400000000000000000000000000005B
:1001400000000000000000000000000000000000AF
:10015000000000000000000000000000000000009F
:10016000000000000000000000000000000000008F
:10017000000000000000000000000000000000007F
:10018000000000000000000000000000000000006F
:10019000000000000000000000000000000000005F
:1001A000000000000000000000000000000000004F
:1001B000000000000000000000000000000000003F
:1001C000000100000010000001000000000000001D
:1001D000000000000000000000000000000000001F
:1001E000000000000000000000000000000000000F
:1001F00000000000000000000000000000000000FF
:10020000D4D4D4D4D4D4D4D4D4D4D4D4D4D4D4D4AE
:10021000D4D4D4D4D4D4D4D4D4D4D4D4D4D4D4D49E
:10022000D4D4D4D4D4D4D4D4D4D4D4D4D4D4D4D48E
:10023000D4D4D4D4D4D4D4D4D4D4D4D4D4D4D4D47E
:10024000D4D4D4D4D4D4D4D4D4D4D4D4D4D4D4D46E
:10025000D4D4D4D4D4D4D4D4D4D4D4D4D4D4D4D45E
:10026000D4D4D4D4D4D4D4D4D4D4D4D4D4D4D4D44E
:10027000D4D4D4D4D4D4D4D4D4D4D4D4D4D4D4D43E
:10028000D4D4D4D4D4D4D4D4D4D4D4D4D4D4D4D42E
:10029000D4D4D4D4D4D4D4D4D4D4D4D4D4D4D4D41E
:1002A000D4D4D4D4D4D4D4D4D4D4D4D4D4D4D4D40E
:1002B000D4D4D4D4D4D4D4D4D4D4D4D4D4D4D4D4FE
:1002C000D4D4D4D4D4D4D4D4D4D4D4D4D4D4D4D4EE
:1002D000D4D4D4D4D4D4D4D4D4D4D4D4D4D4D4D4DE
:1002E000D4D4D4D4D4D4D4D4D4D4D4D4D4D4D4D4CE
:1002F000D4D4D4D4D4D4D4D4D4D4D4D4D4D4D4D4BE
:10030000D4D4D4D4D4D4D4D4D4D4D4D4D4D4D4D4AD
:10031000D4D4D4D4D4D4D4D4D4D4D4D4D4D4D4D49D
:10032000D4D4D4D4D4D4D4D4D4D4D4D4D4D4D4D48D
:10033000D4D4D4D4D4D4D4D4D4D4D4D4D4D4D4D47D
:10034000D4D4D4D4D4D4D4D4D4D4D4D4D4D4D4D46D
:10035000D4D4D4D4D4D4D4D4D4D4D4D4D4D4D4D45D
:10036000D4D4D4D4D4D4D4D4D4D4D4D4D4D4D4D44D
:10037000D4D4D4D4D4D4D4D4D4D4D4D4D4D4D4D43D
:10038000D4D4D4D4D4D4D4D4D4D4D4D4D4D4D4D42D
:10039000D4D4D4D4D4D4D4D4D4D4D4D4D4D4D4D41D
:1003A000D4D4D4D4D4D4D4D4D4D4D4D4D4D4D4D40D
:1003B000D4D4D4D4D4D4D4D4D4D4D4D4D4D4D4D4FD
:1003C000D4D4D4D4D4D4D4D4D4D4D4D4D4D4D4D4ED
:1003D000D4D4D4D4D4D4D4D4D4D4D4D4D4D4D4D4DD
:1003E000D4D4D4D4D4D4D4D4D4D4D4D4D4D4D4D4CD
:1003F000D4D4D4D4D4D4D4D4D4D4D4D4D4D4D4D4BD
:10040000D4D4D4D4D4D4D4D4D4D4D4D4D4D4D4D4AC
:10041000D4D4D4D4D4D4D4D4D4D4D4D4D4D4D4D49C
:10042000D4D4D4D4D4D4D4D4D4D4D4D4D4D4D4D48C
:10043000D4D4D4D4D4D4D4D4D4D4D4D4D4D4D4D47C
:10044000D4D4D4D4D4D4D4D4D4D4D4D4D4D4D4D46C
:10045000D4D4D4D4D4D4D4D4D4D4D4D4D4D4D4D45C
:10046000D4D4D4D4D4D4D4D4D4D4D4D4D4D4D4D44C
:10047000D4D4D4D4D4D4D4D4D4D4D4D4D4D4D4D43C
:10048000D4D4D4D4D4D4D4D4D4D4D4D4D4D4D4D42C
:10049000D4D4D4D4D4D4D4D4D4D4D4D4D4D4D4D41C
:1004A000D4D4D4D4D4D4D4D4D4D4D4D4D4D4D4D40C
:1004B000D4D4D4D4D4D4D4D4D4D4D4D4D4D4D4D4FC
:1004C000D4D4D4D4D4D4D4D4D4D4D4D4D4D4D4D4EC
:1004D000D4D4D4D4D4D4D4D4D4D4D4D4D4D4D4D4DC
:1004E000D4D4D4D4D4D4D4D4D4D4D4D4D4D4D4D4CC
:1004F000D4D4D4D4D4D4D4D4D4D4D4D4D4D4D4D4BC
:10050000D4D4D4D4D4D4D4D4D4D4D4D4D4D4D4D4AB
:10051000D4D4D4D4D4D4D4D4D4D4D4D4D4D4D4D49B
:10052000D4D4D4D4D4D4D4D4D4D4D4D4D4D4D4D48B
:10053000D4D4D4D4D4D4D4D4D4D4D4D4D4D4D4D47B
:10054000D4D4D4D4D4D4D4D4D4D4D4D4D4D4D4D46B
:10055000D4D4D4D4D4D4D4D4D4D4D4D4D4D4D4D45B
:10056000D4D4D4D4D4D4D4D4D4D4D4D4D4D4D4D44B
:10057000D4D4D4D4D4D4D4D4D4D4D4D4D4D4D4D43B
:10058000D4D4D4D4D4D4D4D4D4D4D4D4D4D4D4D42B
:10059000D4D4D4D4D4D4D4D4D4D4D4D4D4D4D4D41B
:1005A000D4D4D4D4D4D4D4D4D4D4D4D4D4D4D4D40B
:1005B000D4D4D4D4D4D4D4D4D4D4D4D4D4D4D4D4FB
:1005C000D4D4D4D4D4D4D4D4D4D4D4D4D4D4D4D4EB
:1005D000D4D4D4D4D4D4D4D4D4D4D4D4D4D4D4D4DB
:1005E000D4D4D4D4D4D4D4D4D4D4D4D4D4D4D4D4CB
:1005F000D4D4D4D4D4D4D4D4D4D4D4D4D4D4D4D4BB
:10060000D4D4D4D4D4D4D4D4D4D4D4D4D4D4D4D4AA
:10061000D4D4D4D4D4D4D4D4D4D4D4D4D4D4D4D49A
:10062000D4D4D4D4D4D4D4D4D4D4D4D4D4D4D4D48A
:10063000D4D4D4D4D4D4D4D4D4D4D4D4D4D4D4D47A
:10064000D4D4D4D4D4D4D4D4D4D4D4D4D4D4D4D46A
:10065000D4D4D4D4D4D4D4D4D4D4D4D4D4D4D4D45A
:10066000D4D4D4D4D4D4D4D4D4D4D4D4D4D4D4D44A
:10067000D4D4D4D4D4D4D4D4D4D4D4D4D4D4D4D43A
:10068000D4D4D4D4D4D4D4D4D4D4D4D4D4D4D4D42A
:10069000D4D4D4D4D4D4D4D4D4D4D4D4D4D4D4D41A
:1006A000D4D4D4D4D4D4D4D4D4D4D4D4D4D4D4D40A
:1006B000D4D4D4D4D4D4D4D4D4D4D4D4D4D4D4D4FA
:1006C000D4D4D4D4D4D4D4D4D4D4D4D4D4D4D4D4EA
:1006D000D4D4D4D4D4D4D4D4D4D4D4D4D4D4D4D4DA
:1006E000D4D4D4D4D4D4D4D4D4D4D4D4D4D4D4D4CA
:1006F000D4D4D4D4D4D4D4D4D4D4D4D4D4D4D4D4BA
:10070000D4D4D4D4D4D4D4D4D4D4D4D4D4D4D4D4A9
:10071000D4D4D4D4D4D4D4D4D4D4D4D4D4D4D4D499
:10072000D4D4D4D4D4D4D4D4D4D4D4D4D4D4D4D489
:10073000D4D4D4D4D4D4D4D4D4D4D4D4D4D4D4D479
:10074000D4D4D4D4D4D4D4D4D4D4D4D4D4D4D4D469
:10075000D4D4D4D4D4D4D4D4D4D4D4D4D4D4D4D459
:10076000D4D4D4D4D4D4D4D4D4D4D4D4D4D4D4D449
:10077000D4D4D4D4D4D4D4D4D4D4D4D4D4D4D4D439
:10078000D4D4D4D4D4D4D4D4D4D4D4D4D4D4D4D429
:10079000D4D4D4D4D4D4D4D4D4D4D4D4D4D4D4D419
:1007A000D4D4D4D4D4D4D4D4D4D4D4D4D4D4D4D409
:1007B000D4D4D4D4D4D4D4D4D4D4D4D4D4D4D4D4F9
:1007C000D4D4D4D4D4D4D4D4D4D4D4D4D4D4D4D4E9
:1007D000D4D4D4D4D4D4D4D4D4D4D4D4D4D4D4D4D9
:1007E000D4D4D4D4D4D4D4D4D4D4D4D4D4D4D4D4C9
:1007F000D4D4D4D4D4D4D4D4D4D4D4D4D4D4D4D4B9
:10080000D4D4D4D4D4D4D4D4D4D4D4D4D4D4D4D4A8
:10081000D4D4D4D4D4D4D4D4D4D4D4D4D4D4D4D498
:10082000D4D4D4D4D4D4D4D4D4D4D4D4D4D4D4D488
:10083000D4D4D4D4D4D4D4D4D4D4D4D4D4D4D4D478
:10084000D4D4D4D4D4D4D4D4D4D4D4D4D4D4D4D468
:10085000D4D4D4D4D4D4D4D4D4D4D4D4D4D4D4D458
:10086000D4D4D4D4D4D4D4D4D4D4D4D4D4D4D4D448
:10087000D4D4D4D4D4D4D4D4D4D4D4D4D4D4D4D438
:10088000D4D4D4D4D4D4D4D4D4D4D4D4D4D4D4D428
:10089000D4D4D4D4D4D4D4D4D4D4D4D4D4D4D4D418
:1008A000D4D4D4D4D4D4D4D4D4D4D4D4D4D4D4D408
:1008B000D4D4D4D4D4D4D4D4D4D4D4D4D4D4D4D4F8
:1008C000D4D4D4D4D4D4D4D4D4D4D4D4D4D4D4D4E8
:1008D000D4D4D4D4D4D4D4D4D4D4D4D4D4D4D4D4D8
:1008E000D4D4D4D4D4D4D4D4D4D4D4D4D4D4D4D4C8
:1008F000D4D4D4D4D4D4D4D4D4D4D4D4D4D4D4D4B8
:10090000D4D4D4D4D4D4D4D4D4D4D4D4D4D4D4D4A7
:10091000D4D4D4D4D4D4D4D4D4D4D4D4D4D4D4D497
:10092000D4D4D4D4D4D4D4D4D4D4D4D4D4D4D4D487
:10093000D4D4D4D4D4D4D4D4D4D4D4D4D4D4D4D477
:10094000D4D4D4D4D4D4D4D4D4D4D4D4D4D4D4D467
:10095000D4D4D4D4D4D4D4D4D4D4D4D4D4D4D4D457
:10096000D4D4D4D4D4D4D4D4D4D4D4D4D4D4D4D447
:10097000D4D4D4D4D4D4D4D4D4D4D4D4D4D4D4D437
:10098000D4D4D4D4D4D4D4D4D4D4D4D4D4D4D4D427
:10099000D4D4D4D4D4D4D4D4D4D4D4D4D4D4D4D417
:1009A000D4D4D4D4D4D4D4D4D4D4D4D4D4D4D4D407
:1009B000D4D4D4D4D4D4D4D4D4D4D4D4D4D4D4D4F7
:1009C000D4D4D4D4D4D4D4D4D4D4D4D4D4D4D4D4E7
:1009D000D4D4D4D4D4D4D4D4D4D4D4D4D4D4D4D4D7
:1009E000D4D4D4D4D4D4D4D4D4D4D4D4D4D4D4D4C7
:1009F000D4D4D4D4D4D4D4D4D4D4D4D4D4D4D4D4B7
:100A0000D4D4D4D4D4D4D4D4D4D4D4D4D4D4D4D4A6
:100A1000D4D4D4D4D4D4D4D4D4D4D4D4D4D4D4D496
:100A2000D4D4D4D4D4D4D4D4D4D4D4D4D4D4D4D486
:100A3000D4D4D4D4D4D4D4D4D4D4D4D4D4D4D4D476
:100A4000D4D4D4D4D4D4D4D4D4D4D4D4D4D4D4D466
:100A5000D4D4D4D4D4D4D4D4D4D4D4D4D4D4D4D456
:100A6000D4D4D4D4D4D4D4D4D4D4D4D4D4D4D4D446
:100A7000D4D4D4D4D4D4D4D4D4D4D4D4D4D4D4D436
:100A8000D4D4D4D4D4D4D4D4D4D4D4D4D4D4D4D426
:100A9000D4D4D4D4D4D4D4D4D4D4D4D4D4D4D4D416
:100AA000D4D4D4D4D4D4D4D4D4D4D4D4D4D4D4D406
:100AB000D4D4D4D4D4D4D4D4D4D4D4D4D4D4D4D4F6
:100AC000D4D4D4D4D4D4D4D4D4D4D4D4D4D4D4D4E6
:100AD000D4D4D4D4D4D4D4D4D4D4D4D4D4D4D4D4D6
:100AE000D4D4D4D4D4D4D4D4D4D4D4D4D4D4D4D4C6
:100AF000D4D4D4D4D4D4D4D4D4D4D4D4D4D4D4D4B6
:100B0000D4D4D4D4D4D4D4D4D4D4D4D4D4D4D4D4A5
:100B1000D4D4D4D4D4D4D4D4D4D4D4D4D4D4D4D495
:100B2000D4D4D4D4D4D4D4D4D4D4D4D4D4D4D4D485
:100B3000D4D4D4D4D4D4D4D4D4D4D4D4D4D4D4D475
:100B4000D4D4D4D4D4D4D4D4D4D4D4D4D4D4D4D465
:100B5000D4D4D4D4D4D4D4D4D4D4D4D4D4D4D4D455
:100B6000D4D4D4D4D4D4D4D4D4D4D4D4D4D4D4D445
:100B7000D4D4D4D4D4D4D4D4D4D4D4D4D4D4D4D435
:100B8000D4D4D4D4D4D4D4D4D4D4D4D4D4D4D4D425
:100B9000D4D4D4D4D4D4D4D4D4D4D4D4D4D4D4D415
:100BA000D4D4D4D4D4D4D4D4D4D4D4D4D4D4D4D405
:100BB000D4D4D4D4D4D4D4D4D4D4D4D4D4D4D4D4F5
:100BC000D4D4D4D4D4D4D4D4D4D4D4D4D4D4D4D4E5
:100BD000D4D4D4D4D4D4D4D4D4D4D4D4D4D4D4D4D5
:100BE000D4D4D4D4D4D4D4D4D4D4D4D4D4D4D4D4C5
:100BF000D4D4D4D4D4D4D4D4D4D4D4D4D4D4D4D4B5
:100C0000D4D4D4D4D4D4D4D4D4D4D4D4D4D4D4D4A4
:100C1000D4D4D4D4D4D4D4D4D4D4D4D4D4D4D4D494
:100C2000D4D4D4D4D4D4D4D4D4D4D4D4D4D4D4D484
:100C3000D4D4D4D4D4D4D4D4D4D4D4D4D4D4D4D474
:100C4000D4D4D4D4D4D4D4D4D4D4D4D4D4D4D4D464
:100C5000D4D4D4D4D4D4D4D4D4D4D4D4D4D4D4D454
:100C6000D4D4D4D4D4D4D4D4D4D4D4D4D4D4D4D444
:100C7000D4D4D4D4D4D4D4D4D4D4D4D4D4D4D4D434
:100C8000D4D4D4D4D4D4D4D4D4D4D4D4D4D4D4D424
:100C9000D4D4D4D4D4D4D4D4D4D4D4D4D4D4D4D414
:100CA000D4D4D4D4D4D4D4D4D4D4D4D4D4D4D4D404
:100CB000D4D4D4D4D4D4D4D4D4D4D4D4D4D4D4D4F4
:100CC000D4D4D4D4D4D4D4D4D4D4D4D4D4D4D4D4E4
:100CD000D4D4D4D4D4D4D4D4D4D4D4D4D4D4D4D4D4
:100CE000D4D4D4D4D4D4D4D4D4D4D4D4D4D4D4D4C4
:100CF000D4D4D4D4D4D4D4D4D4D4D4D4D4D4D4D4B4
:100D0000D4D4D4D4D4D4D4D4D4D4D4D4D4D4D4D4A3
:100D1000D4D4D4D4D4D4D4D4D4D4D4D4D4D4D4D493
:100D2000D4D4D4D4D4D4D4D4D4D4D4D4D4D4D4D483
:100D3000D4D4D4D4D4D4D4D4D4D4D4D4D4D4D4D473
:100D4000D4D4D4D4D4D4D4D4D4D4D4D4D4D4D4D463
:100D5000D4D4D4D4D4D4D4D4D4D4D4D4D4D4D4D453
:100D6000D4D4D4D4D4D4D4D4D4D4D4D4D4D4D4D443
:100D7000D4D4D4D4D4D4D4D4D4D4D4D4D4D4D4D433
:100D8000D4D4D4D4D4D4D4D4D4D4D4D4D4D4D4D423
:100D9000D4D4D4D4D4D4D4D4D4D4D4D4D4D4D4D413
:100DA000D4D4D4D4D4D4D4D4D4D4D4D4D4D4D4D403
:100DB000D4D4D4D4D4D4D4D4D4D4D4D4D4D4D4D4F3
:100DC000D4D4D4D4D4D4D4D4D4D4D4D4D4D4D4D4E3
:100DD000D4D4D4D4D4D4D4D4D4D4D4D4D4D4D4D4D3
:100DE000D4D4D4D4D4D4D4D4D4D4D4D4D4D4D4D4C3
:100DF000D4D4D4D4D4D4D4D4D4D4D4D4D4D4D4D4B3
:100E0000D4D4D4D4D4D4D4D4D4D4D4D4D4D4D4D4A2
:100E1000D4D4D4D4D4D4D4D4D4D4D4D4D4D4D4D492
:100E2000D4D4D4D4D4D4D4D4D4D4D4D4D4D4D4D482
:100E3000D4D4D4D4D4D4D4D4D4D4D4D4D4D4D4D472
:100E4000D4D4D4D4D4D4D4D4D4D4D4D4D4D4D4D462
:100E5000D4D4D4D4D4D4D4D4D4D4D4D4D4D4D4D452
:100E6000D4D4D4D4D4D4D4D4D4D4D4D4D4D4D4D442
:100E7000D4D4D4D4D4D4D4D4D4D4D4D4D4D4D4D432
:100E8000D4D4D4D4D4D4D4D4D4D4D4D4D4D4D4D422
:100E9000D4D4D4D4D4D4D4D4D4D4D4D4D4D4D4D412
:100EA000D4D4D4D4D4D4D4D4D4D4D4D4D4D4D4D402
:100EB000D4D4D4D4D4D4D4D4D4D4D4D4D4D4D4D4F2
:100EC000D4D4D4D4D4D4D4D4D4D4D4D4D4D4D4D4E2
:100ED000D4D4D4D4D4D4D4D4D4D4D4D4D4D4D4D4D2
:100EE000D4D4D4D4D4D4D4D4D4D4D4D4D4D4D4D4C2
:100EF000D4D4D4D4D4D4D4D4D4D4D4D4D4D4D4D4B2
:100F0000D4D4D4D4D4D4D4D4D4D4D4D4D4D4D4D4A1
:100F1000D4D4D4D4D4D4D4D4D4D4D4D4D4D4D4D491
:100F2000D4D4D4D4D4D4D4D4D4D4D4D4D4D4D4D481
:100F3000D4D4D4D4D4D4D4D4D4D4D4D4D4D4D4D471
:100F4000D4D4D4D4D4D4D4D4D4D4D4D4D4D4D4D461
:100F5000D4D4D4D4D4D4D4D4D4D4D4D4D4D4D4D451
:100F6000D4D4D4D4D4D4D4D4D4D4D4D4D4D4D4D441
:100F7000D4D4D4D4D4D4D4D4D4D4D4D4D4D4D4D431
:100F8000D4D4D4D4D4D4D4D4D4D4D4D4D4D4D4D421
:100F9000D4D4D4D4D4D4D4D4D4D4D4D4D4D4D4D411
:100FA000D4D4D4D4D4D4D4D4D4D4D4D4D4D4D4D401
:100FB000D4D4D4D4D4D4D4D4D4D4D4D4D4D4D4D4F1
:100FC000D4D4D4D4D4D4D4D4D4D4D4D4D4D4D4D4E1
:100FD000D4D4D4D4D4D4D4D4D4D4D4D4D4D4D4D4D1
:100FE000D4D4D4D4D4D4D4D4D4D4D4D4D4D4D4D4C1
:100FF000D4D4D4D4D4D4D4D4D4D4D4D4D4D4D4D4B1
:10100000D10020400020006000000000000000002F
:1010100020100060001000600000000000000000D0
:101020000000006058B9000000000000EFBEADDE17
:10103000124880F3088812481249016000F036F81F
:10104000114812490022814201D004C0FBE7104838
:101050001049114A814202D008CA08C0FAE70F4875
:101060004FF47001026842EA01020260BFF34F8F41
:10107000BFF36F8F00F014F800DE00000040002086
:1010800008ED00E000400020005000200484002013
:10109000B84200206844002058B9006088ED00E0A4
:1010A00041F24B1CC0F2000C6047D4D4204840F2FF
:1010B0009C41884219D040F24C418842CCBF1D4A25
:1010C0001D4A1E4B5360136823F0800313601C48B5
:1010D0001C49C1BF1C480A0C8264C1F30F01416462
:1010E000016C41F00401016402E0184815490160F7
:1010F0001748184A824205D01749814202D008CACF
:1011000008C0FAE71548164A824205D015498142BF
:1011100002D008CA08C0FAE71348144A824205D030
:101120001349814202D008CA08C0FAE7704700009C
:10113000240400000080034000C00B4020C528D9D3
:1011400000C00A40AAAAFAFF00400E4060004F44C7
:1011500000000000B8220060288400000040002049
:1011600000200060B842002000002020E0A60060BF
:1011700078122020D4D4D4D4D4D4D4D4D4D4D4D4B5
:10118000D4D4D4D4D4D4D4D4D4D4D4D4D4D4D4D41F
:10119000D4D4D4D4D4D4D4D4D4D4D4D4D4D4D4D40F
:1011A000D4D4D4D4D4D4D4D4D4D4D4D4D4D4D4D4FF
:1011B000D4D4D4D4D4D4D4D4D4D4D4D4D4D4D4D4EF
:1011C000D4D4D4D4D4D4D4D4D4D4D4D4D4D4D4D4DF
:1011D000D4D4D4D4D4D4D4D4D4D4D4D4D4D4D4D4CF
:1011E000D4D4D4D4D4D4D4D4D4D4D4D4D4D4D4D4BF
:1011F000D4D4D4D4D4D4D4D4D4D4D4D4D4D4D4D4AF
:10120000D4D4D4D4D4D4D4D4D4D4D4D4D4D4D4D49E
:10121000D4D4D4D4D4D4D4D4D4D4D4D4D4D4D4D48E
:10122000D4D4D4D4D4D4D4D4D4D4D4D4D4D4D4D47E
:10123000D4D4D4D4D4D4D4D4D4D4D4D4D4D4D4D46E
:10124000D4D4D4D4D4D4D4D4D4D4D4D4D4D4D4D45E
:10125000D4D4D4D4D4D4D4D4D4D4D4D4D4D4D4D44E
:10126000D4D4D4D4D4D4D4D4D4D4D4D4D4D4D4D43E
:10127000D4D4D4D4D4D4D4D4D4D4D4D4D4D4D4D42E
:10128000D4D4D4D4D4D4D4D4D4D4D4D4D4D4D4D41E
:10129000D4D4D4D4D4D4D4D4D4D4D4D4D4D4D4D40E
:1012A000D4D4D4D4D4D4D4D4D4D4D4D4D4D4D4D4FE
:1012B000D4D4D4D4D4D4D4D4D4D4D4D4D4D4D4D4EE
:1012C000D4D4D4D4D4D4D4D4D4D4D4D4D4D4D4D4DE
:1012D000D4D4D4D4D4D4D4D4D4D4D4D4D4D4D4D4CE
:1012E000D4D4D4D4D4D4D4D4D4D4D4D4D4D4D4D4BE
:1012F000D4D4D4D4D4D4D4D4D4D4D4D4D4D4D4D4AE
:10130000D4D4D4D4D4D4D4D4D4D4D4D4D4D4D4D49D
:10131000D4D4D4D4D4D4D4D4D4D4D4D4D4D4D4D48D
:10132000D4D4D4D4D4D4D4D4D4D4D4D4D4D4D4D47D
:10133000D4D4D4D4D4D4D4D4D4D4D4D4D4D4D4D46D
:10134000D4D4D4D4D4D4D4D4D4D4D4D4D4D4D4D45D
:10135000D4D4D4D4D4D4D4D4D4D4D4D4D4D4D4D44D
:10136000D4D4D4D4D4D4D4D4D4D4D4D4D4D4D4D43D
:10137000D4D4D4D4D4D4D4D4D4D4D4D4D4D4D4D42D
:10138000D4D4D4D4D4D4D4D4D4D4D4D4D4D4D4D41D
:10139000D4D4D4D4D4D4D4D4D4D4D4D4D4D4D4D40D
:1013A000D4D4D4D4D4D4D4D4D4D4D4D4D4D4D4D4FD
:1013B000D4D4D4D4D4D4D4D4D4D4D4D4D4D4D4D4ED
:1013C000D4D4D4D4D4D4D4D4D4D4D4D4D4D4D4D4DD
:1013D000D4D4D4D4D4D4D4D4D4D4D4D4D4D4D4D4CD
:1013E000D4D4D4D4D4D4D4D4D4D4D4D4D4D4D4D4BD
:1013F000D4D4D4D4D4D4D4D4D4D4D4D4D4D4D4D4AD
:10140000D4D4D4D4D4D4D4D4D4D4D4D4D4D4D4D49C
:10141000D4D4D4D4D4D4D4D4D4D4D4D4D4D4D4D48C
:10142000D4D4D4D4D4D4D4D4D4D4D4D4D4D4D4D47C
:10143000D4D4D4D4D4D4D4D4D4D4D4D4D4D4D4D46C
:10144000D4D4D4D4D4D4D4D4D4D4D4D4D4D4D4D45C
:10145000D4D4D4D4D4D4D4D4D4D4D4D4D4D4D4D44C
:10146000D4D4D4D4D4D4D4D4D4D4D4D4D4D4D4D43C
:10147000D4D4D4D4D4D4D4D4D4D4D4D4D4D4D4D42C
:10148000D4D4D4D4D4D4D4D4D4D4D4D4D4D4D4D41C
:10149000D4D4D4D4D4D4D4D4D4D4D4D4D4D4D4D40C
:1014A000D4D4D4D4D4D4D4D4D4D4D4D4D4D4D4D4FC
:1014B000D4D4D4D4D4D4D4D4D4D4D4D4D4D4D4D4EC
:1014C000D4D4D4D4D4D4D4D4D4D4D4D4D4D4D4D4DC
:1014D000D4D4D4D4D4D4D4D4D4D4D4D4D4D4D4D4CC
:1014E000D4D4D4D4D4D4D4D4D4D4D4D4D4D4D4D4BC
:1014F000D4D4D4D4D4D4D4D4D4D4D4D4D4D4D4D4AC
:10150000D4D4D4D4D4D4D4D4D4D4D4D4D4D4D4D49B
:10151000D4D4D4D4D4D4D4D4D4D4D4D4D4D4D4D48B
:10152000D4D4D4D4D4D4D4D4D4D4D4D4D4D4D4D47B
:10153000D4D4D4D4D4D4D4D4D4D4D4D4D4D4D4D46B
:10154000D4D4D4D4D4D4D4D4D4D4D4D4D4D4D4D45B
:10155000D4D4D4D4D4D4D4D4D4D4D4D4D4D4D4D44B
:10156000D4D4D4D4D4D4D4D4D4D4D4D4D4D4D4D43B
:10157000D4D4D4D4D4D4D4D4D4D4D4D4D4D4D4D42B
:10158000D4D4D4D4D4D4D4D4D4D4D4D4D4D4D4D41B
:10159000D4D4D4D4D4D4D4D4D4D4D4D4D4D4D4D40B
:1015A000D4D4D4D4D4D4D4D4D4D4D4D4D4D4D4D4FB
:1015B000D4D4D4D4D4D4D4D4D4D4D4D4D4D4D4D4EB
:1015C000D4D4D4D4D4D4D4D4D4D4D4D4D4D4D4D4DB
:1015D000D4D4D4D4D4D4D4D4D4D4D4D4D4D4D4D4CB
:1015E000D4D4D4D4D4D4D4D4D4D4D4D4D4D4D4D4BB
:1015F000D4D4D4D4D4D4D4D4D4D4D4D4D4D4D4D4AB
:10160000D4D4D4D4D4D4D4D4D4D4D4D4D4D4D4D49A
:10161000D4D4D4D4D4D4D4D4D4D4D4D4D4D4D4D48A
:10162000D4D4D4D4D4D4D4D4D4D4D4D4D4D4D4D47A
:10163000D4D4D4D4D4D4D4D4D4D4D4D4D4D4D4D46A
:10164000D4D4D4D4D4D4D4D4D4D4D4D4D4D4D4D45A
:10165000D4D4D4D4D4D4D4D4D4D4D4D4D4D4D4D44A
:10166000D4D4D4D4D4D4D4D4D4D4D4D4D4D4D4D43A
:10167000D4D4D4D4D4D4D4D4D4D4D4D4D4D4D4D42A
:10168000D4D4D4D4D4D4D4D4D4D4D4D4D4D4D4D41A
:10169000D4D4D4D4D4D4D4D4D4D4D4D4D4D4D4D40A
:1016A000D4D4D4D4D4D4D4D4D4D4D4D4D4D4D4D4FA
:1016B000D4D4D4D4D4D4D4D4D4D4D4D4D4D4D4D4EA
:1016C000D4D4D4D4D4D4D4D4D4D4D4D4D4D4D4D4DA
:1016D000D4D4D4D4D4D4D4D4D4D4D4D4D4D4D4D4CA
:1016E000D4D4D4D4D4D4D4D4D4D4D4D4D4D4D4D4BA
:1016F000D4D4D4D4D4D4D4D4D4D4D4D4D4D4D4D4AA
:10170000D4D4D4D4D4D4D4D4D4D4D4D4D4D4D4D499
:10171000D4D4D4D4D4D4D4D4D4D4D4D4D4D4D4D489
:10172000D4D4D4D4D4D4D4D4D4D4D4D4D4D4D4D479
:10173000D4D4D4D4D4D4D4D4D4D4D4D4D4D4D4D469
:10174000D4D4D4D4D4D4D4D4D4D4D4D4D4D4D4D459
:10175000D4D4D4D4D4D4D4D4D4D4D4D4D4D4D4D449
:10176000D4D4D4D4D4D4D4D4D4D4D4D4D4D4D4D439
:10177000D4D4D4D4D4D4D4D4D4D4D4D4D4D4D4D429
:10178000D4D4D4D4D4D4D4D4D4D4D4D4D4D4D4D419
:10179000D4D4D4D4D4D4D4D4D4D4D4D4D4D4D4D409
:1017A000D4D4D4D4D4D4D4D4D4D4D4D4D4D4D4D4F9
:1017B000D4D4D4D4D4D4D4D4D4D4D4D4D4D4D4D4E9
:1017C000D4D4D4D4D4D4D4D4D4D4D4D4D4D4D4D4D9
:1017D000D4D4D4D4D4D4D4D4D4D4D4D4D4D4D4D4C9
:1017E000D4D4D4D4D4D4D4D4D4D4D4D4D4D4D4D4B9
:1017F000D4D4D4D4D4D4D4D4D4D4D4D4D4D4D4D4A9
:10180000D4D4D4D4D4D4D4D4D4D4D4D4D4D4D4D498
:10181000D4D4D4D4D4D4D4D4D4D4D4D4D4D4D4D488
:10182000D4D4D4D4D4D4D4D4D4D4D4D4D4D4D4D478
:10183000D4D4D4D4D4D4D4D4D4D4D4D4D4D4D4D468
:10184000D4D4D4D4D4D4D4D4D4D4D4D4D4D4D4D458
:10185000D4D4D4D4D4D4D4D4D4D4D4D4D4D4D4D448
:10186000D4D4D4D4D4D4D4D4D4D4D4D4D4D4D4D438
:10187000D4D4D4D4D4D4D4D4D4D4D4D4D4D4D4D428
:10188000D4D4D4D4D4D4D4D4D4D4D4D4D4D4D4D418
:10189000D4D4D4D4D4D4D4D4D4D4D4D4D4D4D4D408
:1018A000D4D4D4D4D4D4D4D4D4D4D4D4D4D4D4D4F8
:1018B000D4D4D4D4D4D4D4D4D4D4D4D4D4D4D4D4E8
:1018C000D4D4D4D4D4D4D4D4D4D4D4D4D4D4D4D4D8
:1018D000D4D4D4D4D4D4D4D4D4D4D4D4D4D4D4D4C8
:1018E000D4D4D4D4D4D4D4D4D4D4D4D4D4D4D4D4B8
:1018F000D4D4D4D4D4D4D4D4D4D4D4D4D4D4D4D4A8
:10190000D4D4D4D4D4D4D4D4D4D4D4D4D4D4D4D497
:10191000D4D4D4D4D4D4D4D4D4D4D4D4D4D4D4D487
:10192000D4D4D4D4D4D4D4D4D4D4D4D4D4D4D4D477
:10193000D4D4D4D4D4D4D4D4D4D4D4D4D4D4D4D467
:10194000D4D4D4D4D4D4D4D4D4D4D4D4D4D4D4D457
:10195000D4D4D4D4D4D4D4D4D4D4D4D4D4D4D4D447
:10196000D4D4D4D4D4D4D4D4D4D4D4D4D4D4D4D437
:10197000D4D4D4D4D4D4D4D4D4D4D4D4D4D4D4D427
:10198000D4D4D4D4D4D4D4D4D4D4D4D4D4D4D4D417
:10199000D4D4D4D4D4D4D4D4D4D4D4D4D4D4D4D407
:1019A000D4D4D4D4D4D4D4D4D4D4D4D4D4D4D4D4F7
:1019B000D4D4D4D4D4D4D4D4D4D4D4D4D4D4D4D4E7
:1019C000D4D4D4D4D4D4D4D4D4D4D4D4D4D4D4D4D7
:1019D000D4D4D4D4D4D4D4D4D4D4D4D4D4D4D4D4C7
:1019E000D4D4D4D4D4D4D4D4D4D4D4D4D4D4D4D4B7
:1019F000D4D4D4D4D4D4D4D4D4D4D4D4D4D4D4D4A7
:101A0000D4D4D4D4D4D4D4D4D4D4D4D4D4D4D4D496
:101A1000D4D4D4D4D4D4D4D4D4D4D4D4D4D4D4D486
:101A2000D4D4D4D4D4D4D4D4D4D4D4D4D4D4D4D476
:101A3000D4D4D4D4D4D4D4D4D4D4D4D4D4D4D4D466
:101A4000D4D4D4D4D4D4D4D4D4D4D4D4D4D4D4D456
:101A5000D4D4D4D4D4D4D4D4D4D4D4D4D4D4D4D446
:101A6000D4D4D4D4D4D4D4D4D4D4D4D4D4D4D4D436
:101A7000D4D4D4D4D4D4D4D4D4D4D4D4D4D4D4D426
:101A8000D4D4D4D4D4D4D4D4D4D4D4D4D4D4D4D416
:101A9000D4D4D4D4D4D4D4D4D4D4D4D4D4D4D4D406
:101AA000D4D4D4D4D4D4D4D4D4D4D4D4D4D4D4D4F6
:101AB000D4D4D4D4D4D4D4D4D4D4D4D4D4D4D4D4E6
:101AC000D4D4D4D4D4D4D4D4D4D4D4D4D4D4D4D4D6
:101AD000D4D4D4D4D4D4D4D4D4D4D4D4D4D4D4D4C6
:101AE000D4D4D4D4D4D4D4D4D4D4D4D4D4D4D4D4B6
:101AF000D4D4D4D4D4D4D4D4D4D4D4D4D4D4D4D4A6
:101B0000D4D4D4D4D4D4D4D4D4D4D4D4D4D4D4D495
:101B1000D4D4D4D4D4D4D4D4D4D4D4D4D4D4D4D485
:101B2000D4D4D4D4D4D4D4D4D4D4D4D4D4D4D4D475
:101B3000D4D4D4D4D4D4D4D4D4D4D4D4D4D4D4D465
:101B4000D4D4D4D4D4D4D4D4D4D4D4D4D4D4D4D455
:101B5000D4D4D4D4D4D4D4D4D4D4D4D4D4D4D4D445
:101B6000D4D4D4D4D4D4D4D4D4D4D4D4D4D4D4D435
:101B7000D4D4D4D4D4D4D4D4D4D4D4D4D4D4D4D425
:101B8000D4D4D4D4D4D4D4D4D4D4D4D4D4D4D4D415
:101B9000D4D4D4D4D4D4D4D4D4D4D4D4D4D4D4D405
:101BA000D4D4D4D4D4D4D4D4D4D4D4D4D4D4D4D4F5
:101BB000D4D4D4D4D4D4D4D4D4D4D4D4D4D4D4D4E5
:101BC000D4D4D4D4D4D4D4D4D4D4D4D4D4D4D4D4D5
:101BD000D4D4D4D4D4D4D4D4D4D4D4D4D4D4D4D4C5
:101BE000D4D4D4D4D4D4D4D4D4D4D4D4D4D4D4D4B5
:101BF000D4D4D4D4D4D4D4D4D4D4D4D4D4D4D4D4A5
:101C0000D4D4D4D4D4D4D4D4D4D4D4D4D4D4D4D494
:101C1000D4D4D4D4D4D4D4D4D4D4D4D4D4D4D4D484
:101C2000D4D4D4D4D4D4D4D4D4D4D4D4D4D4D4D474
:101C3000D4D4D4D4D4D4D4D4D4D4D4D4D4D4D4D464
:101C4000D4D4D4D4D4D4D4D4D4D4D4D4D4D4D4D454
:101C5000D4D4D4D4D4D4D4D4D4D4D4D4D4D4D4D444
:101C6000D4D4D4D4D4D4D4D4D4D4D4D4D4D4D4D434
:101C7000D4D4D4D4D4D4D4D4D4D4D4D4D4D4D4D424
:101C8000D4D4D4D4D4D4D4D4D4D4D4D4D4D4D4D414
:101C9000D4D4D4D4D4D4D4D4D4D4D4D4D4D4D4D404
:101CA000D4D4D4D4D4D4D4D4D4D4D4D4D4D4D4D4F4
:101CB000D4D4D4D4D4D4D4D4D4D4D4D4D4D4D4D4E4
:101CC000D4D4D4D4D4D4D4D4D4D4D4D4D4D4D4D4D4
:101CD000D4D4D4D4D4D4D4D4D4D4D4D4D4D4D4D4C4
:101CE000D4D4D4D4D4D4D4D4D4D4D4D4D4D4D4D4B4
:101CF000D4D4D4D4D4D4D4D4D4D4D4D4D4D4D4D4A4
:101D0000D4D4D4D4D4D4D4D4D4D4D4D4D4D4D4D493
:101D1000D4D4D4D4D4D4D4D4D4D4D4D4D4D4D4D483
:101D2000D4D4D4D4D4D4D4D4D4D4D4D4D4D4D4D473
:101D3000D4D4D4D4D4D4D4D4D4D4D4D4D4D4D4D463
:101D4000D4D4D4D4D4D4D4D4D4D4D4D4D4D4D4D453
:101D5000D4D4D4D4D4D4D4D4D4D4D4D4D4D4D4D443
:101D6000D4D4D4D4D4D4D4D4D4D4D4D4D4D4D4D433
:101D7000D4D4D4D4D4D4D4D4D4D4D4D4D4D4D4D423
:101D8000D4D4D4D4D4D4D4D4D4D4D4D4D4D4D4D413
:101D9000D4D4D4D4D4D4D4D4D4D4D4D4D4D4D4D403
:101DA000D4D4D4D4D4D4D4D4D4D4D4D4D4D4D4D4F3
:101DB000D4D4D4D4D4D4D4D4D4D4D4D4D4D4D4D4E3
:101DC000D4D4D4D4D4D4D4D4D4D4D4D4D4D4D4D4D3
:101DD000D4D4D4D4D4D4D4D4D4D4D4D4D4D4D4D4C3
:101DE000D4D4D4D4D4D4D4D4D4D4D4D4D4D4D4D4B3
:101DF000D4D4D4D4D4D4D4D4D4D4D4D4D4D4D4D4A3
:101E0000D4D4D4D4D4D4D4D4D4D4D4D4D4D4D4D492
:101E1000D4D4D4D4D4D4D4D4D4D4D4D4D4D4D4D482
:101E2000D4D4D4D4D4D4D4D4D4D4D4D4D4D4D4D472
:101E3000D4D4D4D4D4D4D4D4D4D4D4D4D4D4D4D462
:101E4000D4D4D4D4D4D4D4D4D4D4D4D4D4D4D4D452
:101E5000D4D4D4D4D4D4D4D4D4D4D4D4D4D4D4D442
:101E6000D4D4D4D4D4D4D4D4D4D4D4D4D4D4D4D432
:101E7000D4D4D4D4D4D4D4D4D4D4D4D4D4D4D4D422
:101E8000D4D4D4D4D4D4D4D4D4D4D4D4D4D4D4D412
:101E9000D4D4D4D4D4D4D4D4D4D4D4D4D4D4D4D402
:101EA000D4D4D4D4D4D4D4D4D4D4D4D4D4D4D4D4F2
:101EB000D4D4D4D4D4D4D4D4D4D4D4D4D4D4D4D4E2
:101EC000D4D4D4D4D4D4D4D4D4D4D4D4D4D4D4D4D2
:101ED000D4D4D4D4D4D4D4D4D4D4D4D4D4D4D4D4C2
:101EE000D4D4D4D4D4D4D4D4D4D4D4D4D4D4D4D4B2
:101EF000D4D4D4D4D4D4D4D4D4D4D4D4D4D4D4D4A2
:101F0000D4D4D4D4D4D4D4D4D4D4D4D4D4D4D4D491
:101F1000D4D4D4D4D4D4D4D4D4D4D4D4D4D4D4D481
:101F2000D4D4D4D4D4D4D4D4D4D4D4D4D4D4D4D471
:101F3000D4D4D4D4D4D4D4D4D4D4D4D4D4D4D4D461
:101F4000D4D4D4D4D4D4D4D4D4D4D4D4D4D4D4D451
:101F5000D4D4D4D4D4D4D4D4D4D4D4D4D4D4D4D441
:101F6000D4D4D4D4D4D4D4D4D4D4D4D4D4D4D4D431
:101F7000D4D4D4D4D4D4D4D4D4D4D4D4D4D4D4D421
:101F8000D4D4D4D4D4D4D4D4D4D4D4D4D4D4D4D411
:101F9000D4D4D4D4D4D4D4D4D4D4D4D4D4D4D4D401
:101FA000D4D4D4D4D4D4D4D4D4D4D4D4D4D4D4D4F1
:101FB000D4D4D4D4D4D4D4D4D4D4D4D4D4D4D4D4E1
:101FC000D4D4D4D4D4D4D4D4D4D4D4D4D4D4D4D4D1
:101FD000D4D4D4D4D4D4D4D4D4D4D4D4D4D4D4D4C1
:101FE000D4D4D4D4D4D4D4D4D4D4D4D4D4D4D4D4B1
:101FF000D4D4D4D4D4D4D4D4D4D4D4D4D4D4D4D4A1
:1020000000400020311000602543000021840000C2
:102010002543000025430000254300000000000088
:102020000000000000000000000000002543000048
:1020300025430000000000002543000001000000CF
:1020400025430000254300002543000025430000F0
:1020500025430000254300002543000025430000E0
:1020600025430000254300002543000025430000D0
:1020700025430000254300002543000025430000C0
:1020800025430000000000000000000000000000E8
:1020900025430000254300002543000025430000A0
:1020A0002543000025430000254300002543000090
:1020B0002543000025430000254300002543000080
:1020C0002543000025430000254300002543000070
:1020D0002543000025430000254300002543000060
:1020E0002543000025430000254300002543000050
:1020F0002543000025430000254300002543000040
:10210000254300002543000025430000254300002F
:1021100000000000254300000000000025430000EF
:10212000254300002543000025430000254300000F
:102130002543000025430000000000002543000067
:1021400025430000254300002543000025430000EF
:1021500025430000254300000000000000000000AF
:1021600025430000254300002543000025430000CF
:1021700025430000254300002543000025430000BF
:1021800025430000254300002543000025430000AF
:10219000254300002543000025430000254300009F
:1021A000254300002543000025430000254300008F
:1021B000254300002543000025430000254300007F
:1021C00025430000254300002543000000000000D7
:1021D000254300002543000025430000254300005F
:1021E000254300002543000025430000254300004F
:1021F000254300002543000025430000254300003F
:10220000254300002543000025430000254300002E
:10221000254300002543000025430000254300001E
:10222000254300002543000025430000254300000E
:102230002543000025430000254300000000000066
:102240000000000025430000254300002543000056
:1022500025430000254300002543000025430000DE
:1022600025430000254300002543000025430000CE
:1022700025430000254300002543000025430000BE
:1022800025430000254300002543000025430000AE
:10229000254300002543000025430000254300009E
:1022A00025430000254300002543000000000000F6
:0822B000254300002543000056
:1022B80080B56F4645F20000C2F2000050E8001FEA
:1022C800013140E80012002AF8D180BD80B56F4680
:1022D800ADF50C7D044644F2DE20C2F2000044F263
:1022E800DC210088BFF35F8FC2F200010988BFF3C9
:1022F8005F8F41EA000212B2B2F1FF3F27DD09AD5C
:10230800ADF802004FF44170ADF80410ADF80000CC
:1023180028464FF4007107F008FF89A869462A4645
:102328004FF4007302F0BCFF9DF8240278B98A9A32
:10233800B2F5007F42D852B16B1E791E13F8010F17
:10234800013A07F8010C4FF00300ABBEF6D1606804
:1023580009ACD0E900128068CDE904120E2103917E
:1023680040F20001C2F22001CDE9010107208DF8F9
:10237800000020464FF4007107F0D7FE89A869468F
:1023880022464FF4007302F08BFF9DF8240278B9BF
:102398008A9AB2F5007F11D852B1631E791E13F8DC
:1023A800010F013A07F8010C4FF00300ABBEF6D15C
:1023B80023211820C0F20201ABBEFEE740F2F07301
:1023C8001146C2F2200300204FF4007207F058F9BA
:1023D800D0B502AF84B00188062911D18169096896
:1023E800BFF35F8F79B10023827F009302AB04466D
:1023F8001846012305F0B6FC0820208004B0D0BDA3
:10240800072004B0D0BD40F6500040F67402C2F276
:102418002000C2F22002222107F0D0F9F0B503AF64
:102428004DF804BD86B0044608880D46411E0329B0
:1024380027D3052825D0072832D1D5F8AC00D5F800
:10244800063069898028D5F80220ADF80C10CDE94E
:1024580001236BD8E9680968BFF35F8F00295AD058
:10246800C0F18003AA7C2844009300F1240304A847
:1024780005F0BBFA9DF81000C0B39DF81100D8B95B
:102488002EE0E8680168BFF35F8F002943D0AA7C7B
:1024980004A800260123009605F0A7FA2E801FE065
:1024A800E8680168BFF35F8FA9B30020AA7C009099
:1024B80004A8012305F099FAE86809212980006831
:1024C800BFF35F8F38B3A97C012205F0A1F9A86991
:1024D8000068BFF35F8FF0B1A97F012205F098F97A
:1024E8000420607206B05DF804BBF0BD0598D5E91C
:1024F8002B120844C5F8AC009042F1D3DDE9010184
:102508000623BDF80C202B8020606160228106B074
:102518005DF804BBF0BD40F6500040F67402C2F20C
:102528002000C2F22002222107F048F940F2387355
:102538008021C2F22003802207F0A2F8F0B503AF91
:102548002DE9000F83B00446C8680D460168BFF343
:102558005F8F002900F08E808020AA7C009005F112
:10256800240301A805F041FA9DF80400012803D1CD
:102578009DF8050050BB3FE00299812980F08580D5
:10258800082923D1E86895F82410B5F82AB0D5F8B9
:10259800268001F01F0295F82590042A006828BFBC
:1025A8000422BFF35F8F002864D0C1F3411301F008
:1025B8008006A97C42EA032A002205F029F90EBB0D
:1025C800BBF1000F36D0BBF1800F44D9E868092170
:1025D80029800068BFF35F8F00284BD0A97C0122B7
:1025E80005F016F9A8690068BFF35F8F002841D08D
:1025F800A97F012205F00CF90420607203B0BDE840
:10260800000FF0BD0420A5F80AA06E7285F80890A6
:10261800A5F806B0C5F802802880A4F808A0E671DD
:1026280084F80690A4F804B0C4F8008003B0BDE8AC
:10263800000FF0BD0620A4F808A028800020C5F8E7
:10264800B000E07184F80690A080C4F8008003B060
:10265800BDE8000FF0BD0020A5F80AA0C5E92B0BC6
:102668006872072085F80890A5F806B0C5F80280BA
:102678002880C1E740F6500040F67402C2F22000FC
:10268800C2F22002222107F099F840F24873002094
:10269800C2F22003802206F0F3FFD0B502AF84B067
:1026A8000446D0E929C2D0F8AC00D4F8B010BCF187
:1026B800000FA38B08BF8022091A994238BF0B4626
:1026C800191828D2914226D8A1690968BFF35F8FEB
:1026D80039B3A27FBCF1000F009308BF04F1240CAA
:1026E8000CEB000302A805F03DFB9DF8080080B93B
:1026F8000398D4E92B120144C4F8AC10914208D3D2
:102708000021A28BC4F8A4100321904208BF022123
:10271800218004B0D0BD40F25873C2F2200306F005
:10272800AFFF40F6500040F67402C2F22000C2F239
:102738002002222107F042F8B0B502AF84B0018828
:102748000139072939D8DFE801F0041C0A3838387C
:102758003832FFF7A2FF0024204604B0B0BDC1689C
:102768000A68BFF35F8F002A41D0817C0546104676
:102778000022002405F04CF805202880204604B0EB
:10278800B0BD81690968BFF35F8F81B3827F054659
:1027980002A800240123009405F0E4FA9DF808003B
:1027A800002804BF03202880204604B0B0BD0021C3
:1027B80001240180204604B0B0BDC168092202800E
:1027C8000A68BFF35F8F92B1817C044610460122EC
:1027D80005F01EF8A0690068BFF35F8F38B1A17FCC
:1027E800012205F015F80024204604B0B0BD40F6DB
:1027F800500040F67402C2F22000C2F220022221E8
:1028080006F0DCFFB0B502AF88B0044600880428A3
:102818002CD109680020802206908DF81C000290B7
:1028280000906846059204F12402E588049205F0B8
:10283800E0FEC0B2082817D10698802819D9E068A8
:10284800092121800068BFF35F8F00B3A17C0122BA
:1028580004F0DEFFA0690068BFF35F8FB8B1A17F05
:10286800012204F0D5FF022008B0B0BD072008B04F
:10287800B0BD012200212280A84238BF054620466B
:10288800C4E92B15FFF709FF082008B0B0BD40F6D2
:10289800500040F67402C2F22000C2F22002222147
:1028A80006F08CFFB0B502AF8AB004460088042851
:1028B80033D1002080210790A7F10A028DF820006B
:1028C80002230390019040F20940069104F124018B
:1028D80027F80A0C01A805910321E58805F03AFEBE
:1028E800C0B2082817D10798802819D9E0680921AB
:1028F80021800068BFF35F8F00B3A17C012204F040
:1029080087FFA0690068BFF35F8FB8B1A17F01227C
:1029180004F07EFF02200AB0B0BD07200AB0B0BDA7
:10292800012200212280A84238BF05462046C4E97A
:102938002B15FFF7B2FE08200AB0B0BD40F65000D4
:1029480040F67402C2F22000C2F22002222106F0F0
:1029580035FFF0B503AF2DE9000788B004460088BD
:10296800042848D1D1E9000680228D68002105920B
:1029780004F12402069104928DF81C100291009132
:1029880001686846B4F8068005F090FCC0B20828D3
:102998002DD18DB106EBC505E9464FF0000AD6E901
:1029A8000001CA6849469047C1B208291FD10836B4
:1029B800CDF808A0AE42F2D1684605F05FFD069852
:1029C80080281DD9E068092121800068BFF35F8F46
:1029D80030B3A17C012204F01BFFA0690068BFF39B
:1029E8005F8FE8B1A17F012204F012FF022008B036
:1029F800BDE80007F0BD072008B0BDE80007F0BD3E
:102A0800012200212280404538BF80462046C4E983
:102A18002B18FFF742FE082008B0BDE80007F0BDFC
:102A280040F6500040F67402C2F22000C2F22002C2
:102A3800222106F0C3FEF0B503AF2DE9000B8CB0E0
:102A480004460088042846D100200D4607908021BE
:102A58008DF82000164603900190099001A80B906C
:102A680009A8069104F12401B4F80680059105F03F
:102A780089FFC0B208282AD176B105EBC6060DF148
:102A88002409D5E900010A6949469047C1B20829D5
:102A98001DD10835B542F4D109A805F0CCFF079837
:102AA80080281DD9E068092121800068BFF35F8F65
:102AB80030B3A17C012204F0ABFEA0690068BFF32B
:102AC8005F8FE8B1A17F012204F0A2FE02200CB0C2
:102AD800BDE8000BF0BD07200CB0BDE8000BF0BD51
:102AE800012200212280404538BF80462046C4E9A3
:102AF8002B18FFF7D2FD08200CB0BDE8000BF0BD85
:102B080040F6500040F67402C2F22000C2F22002E1
:102B1800222106F053FEB0B502AF88B00446008803
:102B280004282DD1D1E900120020802306908DF8C9
:102B38001C00029000906846059304F12403E58880
:102B4800049305F0F3FDC0B2082817D10698802831
:102B580019D9E068092121800068BFF35F8F00B3AD
:102B6800A17C012204F054FEA0690068BFF35F8FC6
:102B7800B8B1A17F012204F04BFE022008B0B0BD1D
:102B8800072008B0B0BD012200212280A84238BF2A
:102B980005462046C4E92B15FFF77FFD082008B03D
:102BA800B0BD40F6500040F67402C2F22000C2F2F6
:102BB8002002222106F002FE0288042A1CBF0720F8
:102BC8007047F0B503AF4DF804BD4C68802C03D9AD
:102BD80002205DF804BBF0BD096800F12402C68834
:102BE80005461046224606F015FE0020B44238BFBE
:102BF8002646C5E92B06012028802846FFF74DFD0B
:102C080008205DF804BBF0BDD0B502AF0446C0682B
:102C1800092121800068BFF35F8F78B1A17C012270
:102C280004F0F6FDA0690068BFF35F8F00281FBF9E
:102C3800A17F0122BDE8D04004F0EABD40F6500073
:102C480040F67402C2F22000C2F22002222106F0ED
:102C5800B5FD80B56F46002080BD80B56F4680BD4C
:102C680080B56F46082080BD80B56F4680BD80B5B1
:102C78006F460822002182814FF4FA52C0E95011B0
:102C8800C0E92E11C18681738260016080BD80B564
:102C98006F46ADF5086D05F012FF044605F005FF17
:102CA80048F20240E207C2F20000017807D1002989
:102CB80040F0B0820121017005F0F9FE04E000291E
:102CC80040F0AA82012101704BF60C304BF6083116
:102CD800C6F20000C6F20001401A0DF294644FEAF1
:102CE8009009204603F0CDFA04F1340004F13801CC
:102CF80004F1540202F0D6FFDDF85C0703F02FFD63
:102D0800DDF8BC070022016841F001010160DDF82F
:102D1800BC17086820F002000860DDF85407C1F805
:102D28000821C1F81821C1F82821C1F83821016803
:102D380021F001010160016841F40041016001686E
:102D4800090409D50168090444BF01685FEA014123
:102D580002D501680904F2D43F218160016821F09D
:102D680001010160DDF85807016821F001010160E7
:102D7800016841F4004101600168090409D501684E
:102D8800090444BF01685FEA014102D501680904EA
:102D9800F2D43F2140F263428160016821F00101D1
:102DA8000160DDF89416886C40F001008864486C76
:102DB80010434864486C012262F383004864486CFD
:102DC80020F080004864886C40F020008864486CDB
:102DD80040F440404864486C40F444704864886C4F
:102DE80040F080008864886D000709D0886D00076E
:102DF8001CBF886D5FEA007002D0886D0007F2D1B1
:102E0800886C40F020008864486C20F44040486496
:102E18004A6CDDF8980622F4447202F588724A6416
:102E2800816C40F2634241F001018164416C1143BD
:102E38004164416C012262F383014164416C21F0D9
:102E480080014164816C41F020018164416C41F44E
:102E580040414164416C41F444714164816C41F0EA
:102E680080018164816D090709D0816D09071CBF44
:102E7800816D5FEA017102D0816D0907F2D1816C21
:102E8800022241F020018164416C21F440414164F7
:102E9800416C21F4447101F588714164DDF8100832
:102EA800016841F480310160016841F0400101602E
:102EB8002221C0F20F01416040F26851C0F20C11AA
:102EC800016240F29511C0F2B2014162DC21C0F208
:102ED8007A0181627D21C0F25801C1624B21C0F2A2
:102EE800400101632F21C0F22E014163816346F640
:102EF8002011C16040F6A31181604FF4C841C1613F
:102F08004FF4C861816140F6C411C0F68041016187
:102F18003F214161016862F30101016001684FF4DA
:102F2800805221F480310160C06FDDF8FC17A7F1F1
:102F3800280003F081FC0DF55278DDF8F016DDF875
:102F4800F4264046DDF838B7DDF81858DDF82CA827
:102F580003F008FCDDF8C4074FF47046DDF8C81725
:102F68000F24DDF8CC27DDF8D037A0F88C61A0F865
:102F78008E41A7F12C00A1F88C61A1F88E41A2F82E
:102F88008C61A2F88E41A3F88C61A3F88E4147F8B2
:102F98002CBC03F064F901F01F01012202FA01F1CF
:102FA800C0F8841046F20000C2F2000000F59A5101
:102FB800BFF35F8F51E8002F42F0004341E800362D
:102FC800002EF7D1002ABFF35F8F00F1188148F275
:102FD800000C0123C2F2000C0CF58062BFF35F8F76
:102FE800D2E84F6FC2E8443F002CF9D1002EBFF35E
:102FF8005F8F40F0F9804FF00043CDF80090CAF899
:103008003430CAF838304FF08043CAF838300023DB
:10301800CAF800300223C5F84031D5F840319B0783
:103028000CD5D5F840319B0744BFD5F840315FEA4D
:10303800837303D5D5F840319B07EED44FF00009D0
:103048000A23C5F84091C5F8A831D5F8843143F072
:103058008073C5F88431D5F84431C5F84431C5F8D2
:103068004891C5F85801DD92D9AA82E8220400F5F2
:1030780090514FF0100AD39000F58050CDE9D6A1B9
:103088000021CDE9D4A04046CDF870C38DF87C93DB
:10309800ADF87893CDF860A3CDF8489304F09DFA85
:1030A80045F204004FF48061C2F2000083460181BA
:1030B8000121C0F80C90016000F110014BF8049F49
:1030C800B8E83C003CC1B8E87C007CC198E87C00CA
:1030D8007CC101AC5946C0F8489004F10800402270
:1030E80001F0F1F804F138008021012207F074F8AA
:1030F80004F1C00080210122CDE92F9907F06CF876
:1031080045F62400A7F12802C2F2DD70594647F8B7
:10311800100C322047F8060C0220C0F60000CDE95A
:10312800519947F80A0C132047F81C0C40F2887094
:10313800C2F22000CDF8049047F8200C04F5167070
:1031480027F80CAC47F8189C47F8289C00F014FFA7
:103158004EF21000CEF20000016841F00401016057
:1031680042F2BF71C0F209014160C0F808900168DD
:1031780041F001010160016841F00201016004F5BC
:10318800AA704FF481718DF84493CDF84C9106F0F4
:10319800CCFF4EF6FC50D2ADCEF200004FF4517287
:1031A800016841F08071016041F20000CEF2000038
:1031B800C0F80490016841F00101016028462146E9
:1031C80007F066F80098CDF890064BF60830C6F27E
:1031D8000000CDF88C06284601F03DFB262118207A
:1031E800C0F20201ABBEFEE740F6201040F64C32BA
:1031F800C2F22000C2F22002202106F086FA40F630
:103208001C3040F63C32C2F22000C2F220021F21DC
:1032180006F07BFA05F04BFC40F27870C2F2200011
:1032280006F086FAF0B503AF2DE9000794B08046A2
:1032380040F29C70C2F220000D46CDE9001001F565
:1032480016706946012200F083FD70B195F83A03C3
:10325800022859D195F8400358B9D5F8340304F039
:103268000CFA012085F8400303E095F84003002894
:103278004DD0EA464021504606F057FF05F10800B8
:1032880005F138062A8C13AB139010A8314600F0CC
:103298009BFF9DF84000D0BBD5E92E01814236D076
:1032A8000C1A402C28BF402404EB0009814535D373
:1032B800B9F1810F32D231185046224606F0AAFAE7
:1032C800C5F8B89005F5A4750DF14009002602E08F
:1032D8000136B4421BD01AF80610284601F038FF10
:1032E8000028F5D003460A464846194600F067F913
:1032F8009DF840000428EBD010AA07CA88E8070008
:1033080014B0BDE80007F0BD002085F84003042094
:1033180088F8000014B0BDE80007F0BD40F6B0130F
:103328004946C2F22003802206F0AAF9F0B503AF9D
:103338002DE90007ADF5047D6E460D46044630467E
:103348004FF4007106F0F1FE80A8294632464FF48A
:10335800007301F0A5FF9DF8000228B101200DF5CA
:10336800047DBDE80007F0BD94F8400301282CD186
:10337800819DB5F5007F36D83DB340F29C7A04F5BF
:1033880016780DF502796E46C2F2200A00E0E5B122
:10339800404649460122CDE9824A00F0D9FC484618
:1033A800214632462B4600F0A2F89DF80802012873
:1033B80005D19DF809020028D0D110BFE7E783980E
:1033C800854208D306442D1AE1E700200DF5047D57
:1033D800BDE80007F0BD40F2D0732946C2F22003D1
:1033E8002A4606F04DF940F2E0730020C2F22003AD
:1033F80029464FF4007206F043F980B56F46FFF78F
:1034080046FC80B56F460830BDE8804001F04BB8F7
:1034180080B56F460830BDE8804001F0A2B880B59D
:103428006F4690F82E20C9B2914218BF80BDBDE802
:10343800804000F007B880B56F460830BDE880408E
:1034480001F01DB9D0B502AF8AB000F10801CDE98D
:103458000210D0E90021D0E95034022A18BF002117
:103468009C42049116D169B3816A0968BFF35F8FE2
:1034780091B390F82E200020009007A80123012482
:1034880004F070FC9DF81C00012820D19DF81D0057
:103498000AB0D0BD04AB099303AB089302AB028C0E
:1034A8000793092988BF013A00F1C00105A807ABB5
:1034B80092B200F028FE9DF8140050B19DF8150056
:1034C8000AB0D0BD0021016008200AB0D0BD039821
:1034D800046000200AB0D0BD40F6500040F67402E7
:1034E800C2F22000C2F22002222106F067F9F0B5EC
:1034F80003AF2DE900078046D1F8440101F1C00966
:103508000D46C0F18004A3421AD9D5F84061BEB176
:10351800802E01D180210DE07F2E48D81446821BD1
:1035280009EB060148469A4606F0F9FDD5E9501020
:1035380022465346401A0026C0F18004C5E950606F
:10354800A34238BF1C46E4B12118814228D38129FF
:1035580026D248441146224606F05CF9D5F84401C3
:103568002044C5F844012846FFF76CFFC0B2410764
:103578000ED10020C8F8044088F80000BDE8000714
:10358800F0BD2846FFF75EFFC0B2410708BF002024
:1035980088F80100012088F80000BDE80007F0BDA8
:1035A80040F6C0138022C2F2200306F069F840F604
:1035B800A0123046C2F22002802106F0EBF8F0B5E6
:1035C80003AF4DF8048D4FF00408002A00F027815E
:1035D8000B4613F9015B05F07F04B5F1FF3F22DDCF
:1035E800002C5CD00A44022C2BD0012C40F06681C0
:1035F800934200F014811C4614F9011B01F07F0569
:10360800B1F1FF3F40F38080944200F008812346E7
:1036180013F9016B06F07F01B6F1FF3F40F3A48078
:10362800002403223CE0012A00F0F98091F90130DE
:1036380003F07F05B3F1FF3F44EAC5143DDD8B1C61
:10364800CEE7934200F0EB801C4614F9011B01F011
:103658007F0EB1F1FF3F3FDD944200F0E08021464C
:1036680011F9013B03F07F0CB3F1FF3F65DD914297
:1036780000F0D5800B4613F9015B05F07F04B5F126
:10368800FF3F40F39780002C00F08480012C40F02D
:103698001581934200F0C3801B78012285E0022245
:1036A80089B2A0F80AC02143A0F808E0416045802B
:1036B800437002705DF8048BF0BD022A00F0AF8001
:1036C80091F9023003F07F05B3F1FF3F44EA8534F6
:1036D80040F3A380CB1C83E7944200F0A08093F9C9
:1036E80001109C1C01F07F06B1F1FF3F4EEAC61E97
:1036F800B2DC944200F093809978032900F2D780D5
:103708004EEA813EDC1CA7E7944200F0888093F9DA
:10371800011001F07F04B1F1FF3F45EAC41503F140
:1037280002043FF771AF944279D09978032900F2E7
:10373800BE8045EA8135DC1C66E791426FD094F97A
:10374800013003F07F01B3F1FF3F4CEAC11C04F1E3
:1037580002018CDC914262D0A178032900F2A78093
:103768004CEA813CE11C82E7934258D094F901303D
:1037780003F07F06B3F1FF3F41EAC6113FF750AFB0
:10378800A31C93424BD01A78042A80F0908041EA17
:10379800823145E7934242D01C4614F9015B05F09B
:1037A8007F01B5F1FF3F4CDD00224FF6FF7421EA9F
:1037B800040475E7934232D091F9015005F07F0374
:1037C800B5F1FF3F44EAC31401F102033FF75BAFD1
:1037D800934224D091F9025005F07F03B5F1FF3FE1
:1037E80044EA833401F103033FF74DAF934216D007
:1037F80091F9035005F07F03B5F1FF3F44EA4354C4
:1038080001F104033FF73FAF934208D00B790F2B28
:103818004DD844EA03744B1D35E7032A06D1042129
:1038280080F8008041705DF8048BF0BD91F9033099
:1038380003F07F05B3F1FF3F44EA45542EDD0B1D2D
:10384800CEE69442EBD093F9014004F07F05B4F141
:10385800FF3F41EAC511A7DC9C1C9442DFD093F9D5
:10386800024004F07F05B4F1FF3F41EA85319BDC5B
:10387800DC1C9442D3D093F9034004F07F05B4F1E3
:10388800FF3F41EA45513FF78FAF04339342C6D01B
:103898001A78102A0BD241EA027185E7042ABED0B1
:1038A8000B790F2B03D844EA03744B1D98E60521C6
:1038B80080F8008041705DF8048BF0BD0E2180F81F
:1038C800008041705DF8048BF0BDF0B503AF2DE9C1
:1038D800000786B01D469146884682468AB108EBA5
:1038E800C9064446D4E900012A464B6A514698471E
:1038F800BAF8000040F00200062826D10834B44285
:10390800F0D1687A28B3BAF8001041F0020006280E
:103918001BD1DAF80C000921AAF800100068BFF3DF
:103928005F8F002800F087809AF81210012203F0B8
:103938006FFFDAF818000068BFF35F8F00287AD0AD
:103948009AF81E10012203F063FF06B0BDE80007D5
:10395800F0BD297AA87939B3012912D0022908BF04
:103968000028D0D16988DAF8DC0001F08F0103F073
:103978009CFEBAF800100429C7D1AAF82400002038
:103988002CE020B30A28BED1BAF800100429BCD113
:10399800BAF80610002001228AF82400AAF80020AC
:1039A800002918BF012121E090B3062824D0082857
:1039B800A9D19AF8E20001210591A7F12201023864
:1039C8000491B0FA80F0400907F8220C2EE0BAF80A
:1039D8000010042999D10020AAF82400BAF806108A
:1039E8000122AAF80020022928BF0221CAE92B01D6
:1039F8005046FEF752FE86E769884A4628885346AD
:103A0800CDE900010AF1B400414600F0E7F87AE791
:103A18009AF8E00002229AF8E1100592A7F1220232
:103A280040000492C0B2084327F8220C04A950466B
:103A3800FFF7C2F867E740F6500040F67402C2F29A
:103A48002000C2F22002222105F0B8FEF0B503AF33
:103A58004DF8048D84B01D4680468AB101EBC2043E
:103A68000E46D6E900012A460B6A41469847B8F83F
:103A7800000040F00200062834D10836A642F0D1F2
:103A8800687A98B36EE040F0020006282AD1D8F888
:103A98000C000921A8F800100068BFF35F8FB0B1CF
:103AA80098F81210012203F0B3FED8F81800006845
:103AB800BFF35F8F00281FBF98F81E10012204B0C3
:103AC8005DF8048B1CBFBDE8F04003F0A1BE40F6D2
:103AD800500040F67402C2F22000C2F220022221F5
:103AE80005F06CFE04B05DF8048BF0BD2A7AA87965
:103AF80029886AB3012A10D0022A33D1012838D084
:103B0800032808BF00292DD169880122D8F8DC00D4
:103B180001F08F0103F07CFE50E00B2822D1002930
:103B280004BFB8F8000006281CD1D8F818000168AE
:103B3800BFF35F8F0029CAD098F81E20002000909C
:103B480002A8012304F00EF90820A8F8000009E0F3
:103B58000138082806D8DFE800F008052005170511
:103B680005052600B8F800008DE70129FAD10020E4
:103B780016E00029F6D169880022D8F8DC0001F0A7
:103B88008F0103F045FE19E0481E80B27F28E9D274
:103B9800D8F8DC0003F061FE0DE00129E2D1012034
:103BA80088F8E0000AE019B10129DBD1022003E01E
:103BB80098F8E20030B1012088F8E2004046FEF7AC
:103BC80007FCCFE7B8F8000040F0020106297FF4AF
:103BD8005AAF4046FFF718F8C4E70000F0B503AF46
:103BE8002DE9000784B0D7E9025A4FF0FF3600905C
:103BF800ACB206EB14240E2C36D8DFE804F008210A
:103C08001035353535353535353535352D00694679
:103C18001846FEF7F7FD04B0BDE80007F0BDECB2AA
:103C2800032C54D804210246DFE804F0023B383F55
:103C3800184604B0BDE80007BDE8F040FEF732BE04
:103C4800CDE90212684601A901901846FEF781FEE7
:103C580004B0BDE80007F0BD184604B0BDE8000791
:103C6800BDE8F040FEF7E7BE188840F002000628DD
:103C7800D1D1D868092119800068BFF35F8F002867
:103C88005BD0997C01221C4603F0C2FDA069006844
:103C9800BFF35F8F002850D0A17F46E000F10802F3
:103CA8000C219846136833B922E000F11002142160
:103CB80098461368E3B141581846CDE9010101A9B6
:103CC8004046FEF728FF04B0BDE80007F0BD98465F
:103CD80072B101EBC2090C46D1E900014B692946D2
:103CE800524698470028E8D104F108014945F2D125
:103CF800B8F8000040F0020006287FF48CAFD8F82E
:103D08000C000921A8F800100068BFF35F8FA0B16C
:103D180098F81210012203F07BFDD8F8180000680B
:103D2800BFF35F8F48B198F81E10012204B0BDE8B8
:103D38000007BDE8F04003F06BBD40F6500040F6C8
:103D48007402C2F22000C2F22002222105F036FDE0
:103D5800F0B503AF2DE9000F91B0D0F8DC4006466E
:103D680006A888461546214603F0BBFD96F8E220D2
:103D7800BDF81810032A0FD100294FF0000018BF12
:103D880003290FD096F8E320042A00F0EA800420E3
:103D980086F8E22086F8E3000020DFE801F003114E
:103DA8003207030011B0BDE8000FF0BD032086F80C
:103DB800E32086F8E200002011B0BDE8000FF0BD56
:103DC800204603F037FE00204FF48061002D86F86E
:103DD800E40086F8E000A6F8E2103080E2D008EBB4
:103DE800C504A8F1080555F8080F69688969884766
:103DF80005F10800A042F6D1002011B0BDE8000F7F
:103E0800F0BDBDF81A00BDF81C10BDF81E200390C7
:103E1800084340EA0209059104925FEAC9703CD060
:103E28000598C0071CBF3046FEF786FC0498C007FB
:103E380007D10398C0072ED008A83146FEF7EEFA3E
:103E480003E008A83146FEF779FB9DF8290004280D
:103E580021D09DF8270080B180281CD1DDE9081207
:103E68000BABBDF82800CDE90B124146ADF8340084
:103E780030462A46FFF729FD0DE0DDE908120EABB2
:103E8800BDF82800CDE90E124146ADF84000304695
:103E98002A46FFF7DBFD29F00109E800B9F1000F18
:103EA800CDE90185009047D00298002854D0DDE97B
:103EB8000010A0F108054FF0020B012600EB0108E5
:103EC80004982C461BEA000F0AD054F8080F6168C2
:103ED8008A6A3146904704F108004045F5D10EE062
:103EE80003981BEA000F0AD02C4654F8080F6168A3
:103EF800CA6A3146904704F108004045F5D1059853
:103F08001BEA000F0DD066F07F04AA465AF8080F86
:103F1800DAF804100A6B214690470AF10800404578
:103F2800F4D129EA0B095FEA094005D0701C0F2E6D
:103F38004FEA4B0B0646C3D3029868B1DDE900107F
:103F4800A0F10805441855F8080F6968C969884739
:103F580005F10800A042F6D1012011B0BDE8000F1C
:103F6800F0BD40F6840040F6A002C2F22000C2F282
:103F780020021C2105F0C9FBF0B503AF2DE9000FA5
:103F880085B00446886800287AD192F821A04FF0BD
:103F9800FF3001F10C058860002090460E46CDE9FF
:103FA800000A0290284600210122002303F030FF76
:103FB8008946B168C00701F10101B16078D10029D3
:103FC8005ED14FF0FF304FF0000BB06028468021E3
:103FD80001228023CDE900BACDF808B003F018FF1C
:103FE800C00779D1B0683268A4F81FB006F1440B55
:103FF8000130002AA177A4F81CA0C4F818B0B0605A
:1040080044D14FF0FF310028316045D12846B160D6
:1040180003F0CDFEB0680130B06043D34FF0FF30FD
:104028008021B06004F12400BFF35F8F7564BFF393
:104038005F8F06F07AF84FF0000CC4F8DC50A4F853
:1040480013C004F1B40184F81290A4F810A0C4F8C5
:104058000CB0B8E86D006DC198E86D006DC1042022
:1040680084F8E2C0C4E92BCCC4F8A4C0A4F800C00A
:10407800A4F8E300A4F8E0C005B0BDE8000FF0BD67
:1040880040F60000C2F2200005F0D6FA40F63000F3
:10409800C2F2200005F0D0FA40F62000C2F220005B
:1040A80005F0CAFA40F61000C2F2200005F0C4FA82
:1040B80040F6901040F6B003C2F22000A7F11E02AD
:1040C800009040F6E000C2F22000C2F22003202156
:1040D80007F81E9C05F036FBB06840F6B003A7F160
:1040E8001D0207F81D1C0130B06040F68010C2F2B6
:1040F8002003C2F220002021009040F6E000C2F226
:10410800200005F01FFBF0B503AF2DE9000B84B0CC
:104118000D468146D1E920011646091A914238BF59
:104128000E46311881423DD380293BD81C689846F9
:104138002268116A0968BFF35F8FD1B392F826200D
:104148002B1802A8009603F00DFE9DF80800012820
:104158000AD19DF80900012189F8001089F80100A9
:1041680004B0BDE8000BF0BD2068008B864205D185
:10417800D8F808000068411C022000E00120D8F8A7
:104188000420C9F804601268C2E900010021D5F8CA
:10419800800089F800103044C5F8800004B0BDE8FC
:1041A800000BF0BD40F6B0138022C2F2200305F0E8
:1041B80067FA40F6500040F67402C2F22000C2F2DC
:1041C8002002222105F0FAFAF0B503AF2DE9000B21
:1041D80082B00646D1F884000C46C0F180018A42BC
:1041E80023D9D4F88050291A80318A4206D9002070
:1041F8003070706002B0BDE8000BF0BD802D01D1B9
:1042080080210CE07F2D56D89146421B611920462B
:10421800984605F084FFD4E920104A464346401AE0
:104228000025C0F18001C4E9205091422DD38118A6
:1042380024D2802922D81B6859690968BFF35F8F87
:1042480071B39D7E2318009230462A4603F0CDFBB9
:104258003078012804BF7178002903D00028C9D11B
:10426800706802E0002030707060D4F88410084450
:10427800C4F8840002B0BDE8000BF0BD40F6282366
:104288008022C2F2200305F0FBF940F6D01040F678
:104298001822C2F22000C2F22002452105F08EFA4F
:1042A80040F6500040F67402C2F22000C2F220022A
:1042B800222105F083FA40F6A0122846C2F2200215
:1042C800802105F067FAF0B503AF2DE9000F85B03E
:1042D80005460868002840F0A38091F804B00C4611
:1042E80088680BF101012171002840F093804FF09C
:1042F800FF3004F10C069146A060FF20082103223C
:104308000290CDE9002130468021002203F080FD93
:104318008A46A168C00701F10101A16040F08680CA
:10432800206800287CD194F80480002908F1010055
:1043380020716FD14FF0FF300221A0600020CDE93D
:104348000019002102903046002203F061FDA268A6
:10435800C00702F10102A2607CD1002A5AD14FF0B5
:10436800FF300391A060002102200291CDE90009ED
:1043780030468021002203F04BFDC00701BF85F8BD
:104388002CB04FF40070A5F8270085F8261001BF5F
:10439800A5F8249004F14401296285F82D8001BF15
:1043A80040F2FF32A5F80F2085F80EA0082201BFC1
:1043B800AA81A960A5F81B00039801BFA876A5F8F3
:1043C80018906961002001BFE885AA80A871A068DB
:1043D80001BF4FF4FA5129600130A06002BF05B057
:1043E800BDE8000FF0BDA06840F6B003A7F11D02BC
:1043F80007F81D1C0130A06040F64820C2F22003D7
:10440800C2F220000F21009040F63820C2F22000AE
:1044180005F098F940F60000C2F2200005F00CF90A
:1044280040F64000C2F2200005F006F940F6582098
:1044380040F6B003C2F22000A7F11F02009040F638
:104448003820C2F22000C2F220030F2107F81FAC67
:1044580005F078F940F6482040F6B003C2F2200093
:10446800A7F11E02009040F6382007F81E1CC2F281
:104478002000C2F220030F2105F064F980B56F46D1
:10448800007840F600120B4640F6FC21C2F22001EB
:10449800C2F2200251F8201052F820201846BDE838
:1044A800804004F04CBED0B502AF537A012B07D13F
:1044B800137A012B02BF90F82C3054889C4200D00C
:1044C800D0BD9379212B04BF9288072A28D0088869
:1044D80040F002000628F3D1C86809220A80006863
:1044E800BFF35F8F88B18A7C0C461146012203F026
:1044F8008FF9A0690068BFF35F8F00281FBFA17FF5
:104508000122BDE8D04003F083B940F6500040F6E0
:104518007402C2F22000C2F22002222105F04EF9F4
:104528000A88042A18BFD0BDCA88002390F804C09E
:10453800012490F805E0072AC1F8AC3083790068B7
:10454800486208460C8081F8283081F829E081F813
:104558002AC028BF0722C1F8B020BDE8D040FEF726
:104568009CB8D0B502AF84B0537A012B07D1137A27
:10457800012B02BF90F82C3054889C4201D004B023
:10458800D0BD9379002B5BD0202B0ED0222B2CD1C1
:1045980012780B8802F0010480F82E40C2F3400222
:1045A800062B80F82F20EAD14DE0D1F8B020812ADF
:1045B8005CD2062A19D991F8282091F8294091F857
:1045C8002AE0032A4B6AB1F800C003604FF00003E9
:1045D80080F804E028BF1A46052C827138BF2346AC
:1045E800BCF1060F4371CAD12DE0088840F00200E3
:1045F8000628C4D1C86809220A800068BFF35F8F03
:1046080098B18A7C0C461146012203F001F9A06991
:104618000068BFF35F8F00281FBFA17F012204B08D
:10462800BDE8D04018BF03F0F3B840F6500040F69C
:104638007402C2F22000C2F22002222105F0BEF864
:10464800088806289BD188690368BFF35F8F002B11
:10465800EBD08A7F0020009002A80C46194601235F
:1046680003F080FB0820208004B0D0BD40F26873BE
:104678001146C2F220030020802205F001F8F0B5AF
:1046880003AF4DF8048D84B090F82C608046002567
:104698000220CDE900050C460846314602220223D5
:1046A80003F0FDFEC0B2082863D12046314602223D
:1046B8000223009504F0E6F8C0B2082859D140F664
:1046C800F6222046C2F220022421032303F042FFEF
:1046D800C0B208284DD140F241422046C2F2200221
:1046E8002421022303F036FFC0B2082841D1062056
:1046F800A7F1160207F8156C242198F82D600323FA
:1047080007F8160C204607F8146C03F023FFC0B214
:1047180008282ED10120A7F1130227F8130C2046F0
:104728002421032307F8116C03F014FFC0B20828F2
:104738001FD108F10801204600F01FF8C1B208296E
:1047480017D100203146009020460A22002304F0A9
:1047580099F8C0B208280CD108F12001204600F0D1
:104768000CF8C1B2082904D108F11401204600F060
:1047780004F804B05DF8048BF0BDF0B503AF4DF854
:1047880004BD8268012A2ED1C3684269934250D27F
:104798000569D0F818C0EC5C0134EC540CF1020443
:1047A80094421CD80CF580739646934238BF9E46B7
:1047B800A34236D3AEEB0403052B10D38B7991F8C3
:1047C80007E00E7A89882B552B199970090A5E70B3
:1047D80083F804E0D9700CF10703934207D902204B
:1047E8005DF804BBF0BD07205DF804BBF0BD94453F
:1047F80028D2072105F80C100CF1010191423FBFA6
:1048080005226A54836108203CBF5DF804BBF0BDF3
:1048180040F66C330846C2F2200311461A4604F0EB
:10482800B9FF40F67C332046C2F22003714604F0FB
:1048380027FF40F68C341846C2F22004114622465F
:1048480004F0A8FF40F65C336046C2F2200311462C
:104858001A4604F09FFFF0B503AF2DE9000F93B09F
:104868000AAD044621462846FEF7DCFC9DF82800E0
:10487800052804D1012013B0BDE8000FF0BD05F1F3
:1048880010010291059410E040F6C0015046C2F2B2
:104898002001FEF74BFD0028ECD105990AA8FEF788
:1048A800C1FC9DF828000528E4D0C1B20429F4D041
:1048B800821E022938BF0222D1B2002900F0C0802E
:1048C800BDF82C600129BDF82A5040F040810598B8
:1048D800D0F84803A842E0D90598D0F8440350F826
:1048E80025004168B142D8D904684FF48270ADF808
:1048F80028000AA90598ADF82C60ADF82A50FEF7F3
:1049080015FD0028B6D144F2DE2044F2DC2AC2F2BA
:104918000000BFF35F8F0580C2F2000ABFF35F8F0C
:1049280006EB460045F20009BFF35F8FAAF8006066
:10493800C2F20009BFF35F8F4EF21808D9F80010D1
:1049480041F2040B04EB80000491CEF20008CEF291
:10495800000BD8F80040DBF800108068039180470E
:1049680044F2DE21DBF800B0D9F80000C2F2000101
:1049780001904FF0FF30D8F80080BFF35F8F0880B8
:10498800BFF35F8FBFF35F8FAAF80000BFF35F8F9D
:104998000DF1280ADDF814904FF40170ADF82800E5
:1049A8005146ADF82C604846ADF82A50FEF7BEFCDB
:1049B80000287FF45FAF42F2BF7143F60723C0F2CD
:1049C8000901B1EB08004FF0000C38BF6046091B25
:1049D800C0F26D0338BF6146A0FB0302ADF82A5050
:1049E8004FF47A75A1FB0301049B0020019CE3FBB3
:1049F80005100523ADF82C6000268DF82830E4FB5F
:104A08000526039BBBEB03037CF100054CF1000476
:104A180094F0010F18BF00250D9518BF0023511AF7
:104A28000C9376EB00004CF1000292F0010F18BFD6
:104A380000200F9018BF00210E914846514628E7E4
:104A4800DDF814A00AA9DAF8480300283FF41CAFDF
:104A5800DAF844434FF0000804EB8000039054F860
:104A6800049B0025ADF82A80D9E90106D9F80C2065
:104A7800D9F81430ADF82C0050468DF82850CDE9FF
:104A88000C62ADF82E30FEF751FC00287FF4F2AE30
:104A9800D9F804000DF1280BDDF814A00494D8B15E
:104AA800D9F8004000EB400004EB8006D4E900018F
:104AB800CDE90C0101208DF8280050465946ADF883
:104AC8002C50ADF82A80FEF731FC00287FF4D2AED6
:104AD8000C340135B442E9D1D9F8140078B3D9F8C7
:104AE80010B000260BEBC0090BEBC6045BF83600D0
:104AF800616849698847054660688A465BF83610E8
:104B0800026908A89047CDF834A00222DDF814A065
:104B1800DDE90801CDE90E010AA950460C95ADF86A
:104B28002C60ADF82A808DF82820FEF7FFFB0028BE
:104B38007FF4A0AE013604F108004845D4D1DDE980
:104B4800030408F101080AA9844288D19CE6BDF84B
:104B58002E10ADF81E100599BDF832A0BDF830B082
:104B6800D1F848139DF829205945ADF81C60ADF8D7
:104B78001A508DF819208DF818007FF68EAE05981A
:104B8800D0F8440350F82B00416951457FF685AEB3
:104B9800006900EBCA0150F83A504C6806A9A269AE
:104BA8002846904761692846884706460298226940
:104BB80088462946904702200AA98DF828000598BA
:104BC800CDE90C68ADF82CA0ADF82AB061E680B547
:104BD8006F4682B044F2B820C2F2000000F118011A
:104BE800684601F049F89DF8000058B9019841F26B
:104BF8008931401A4EF66A61CFF6FF71884284BF48
:104C080002B080BD40F6094040F63442C2F22000AE
:104C1800C2F22002292104F0D1FDF0B503AF2DE93D
:104C2800000B82B044F2B8246846C2F2000404F1D2
:104C3800180101F021F868462146DDF804809DF846
:104C4800009001F019F804F10C016846019D9DF8E7
:104C5800006001F011F8002E18BF0025B9F1000F0F
:104C680018D1A84516D99DF800100198002918BF39
:104C78000020854282BF02B0BDE8000BF0BD40F6BF
:104C8800DC4040F6F842C2F22000C2F220021921AC
:104C980004F094FD40F6B14040F6CC42C2F2200048
:104CA800C2F22002192104F089FD80B56F4640F652
:104CB800085040F64052C2F22000C2F220026F2192
:104CC80004F082FD80B56F46002080BD80B56F4638
:104CD800D0E9000180BDF0B503AF4DF804BD84B044
:104CE800044600208DF80D00CDF80900CDF8050028
:104CF800D00940EA43608DF8042050EAD3114ED021
:104D080042F080018DF80410910B8DF8050041EAFE
:104D1800834151EA933644D040F080008DF8050075
:104D2800500D8DF8061040EAC32050EA53563AD089
:104D380041F080018DF80610110F8DF8070041EA47
:104D4800031151EA137230D040F080008DF807004B
:104D5800D8088DF808102AD041F080018DF8081085
:104D6800990A8DF8090024D040F080008DF80900D8
:104D7800580C8DF80A101ED041F080018DF80A10E9
:104D8800190E8DF80B0018D040F08000B3F1FF3FEA
:104D98008DF80C108DF80B0011DD092513E00125A5
:104DA80011E002250FE003250DE004250BE00525A1
:104DB80009E0062507E0072505E0082503E00120AE
:104DC8000A258DF80D00D4E90160801B854204D9BD
:104DD800022004B05DF804BBF0BD01A930462A46A4
:104DE80004F018FD70196060102004B05DF804BB71
:104DF800F0BDF0B503AF4DF804BD82B00A78012AC2
:104E080013D1D0E90143A34245D049780125224670
:104E180002F8015B9A4242603DD0A21C4260617078
:104E2800102002B05DF804BBF0BDD0E90142A242F7
:104E380031D04968002304F8013B47F8143CCB09FA
:104E4800446007F8151C22D041F0800507F8155C6E
:104E58008D0B07F8143C23D043F0800307F8143C6B
:104E68004B0D07F8135C2DD0090F45F0800507F8A6
:104E7800123C07F8135C2AD0052507F8111C43F0EB
:104E8800800107F8121C111B8D4204D80CE0012583
:104E9800111B8D4208D9022002B05DF804BBF0BD99
:104EA8000225111B8D42F6D8A7F1150106462046AA
:104EB8002A4604F0AFFC60197060102002B05DF85B
:104EC80004BBF0BD0325111B8D42EDD9E3E7042592
:104ED800111B8D42DFD8E7E780B56F46C9B2DFE81E
:104EE80001F00215080FD0E901128A4218D00022F9
:104EF80011E0D0E9011302228B420CD1104680BD8B
:104F0800D0E901128A420BD0032204E0D0E9011251
:104F18008A4205D001220A7001314160102080BD0B
:104F2800022080BDF0B503AF4DF804BD82B0044641
:104F3800002047F8140CC80907F8151C24D041F0C4
:104F4800800207F8152C8A0B07F8140C23D040F0C0
:104F5800800007F8140C480D07F8132C22D0090F0D
:104F680042F0800207F8120C07F8132C25D005250B
:104F780040F0800007F8111C07F8120CD4E9016012
:104F8800801B854214D81EE00125D4E90160801BEE
:104F980085420DD817E00225D4E90160801B8542BF
:104FA80006D810E00325D4E90160801B85420AD9A0
:104FB800022002B05DF804BBF0BD0425D4E901600D
:104FC800801B8542F4D8A7F1150130462A4604F023
:104FD80021FC70196060102002B05DF804BBF0BDC0
:104FE800F0B503AF4DF804BD82B00446002027F8A1
:104FF800120CC1F3C81007F8131CA8B141F08002C5
:10500800C1F3813107F8120C07F8132CB9B1032545
:1050180040F0800007F8111C07F8120CD4E9016071
:10502800801B854206D810E00125D4E90160801B69
:1050380085420AD9022002B05DF804BBF0BD022502
:10504800D4E90160801B8542F4D8A7F113013046EA
:105058002A4604F0DFFB70196060102002B05DF88A
:1050680004BBF0BDF0B503AF2DE9000782B081465F
:10507800002047F81C0C1446D00907F81D2C25D031
:1050880044F0800207F81D2CA20B07F81C0C25D051
:1050980040F0800007F81C0C600D07F81B2C25D089
:1050A80042F0800207F81B2C220F07F81A0C29D0AF
:1050B8004FF0050A40F0800007F8192C07F81A0C81
:1050C800D9E90156701B824517D822E04FF0010A32
:1050D800D9E90156701B82450FD81AE04FF0020A31
:1050E800D9E90156701B824507D812E04FF0030A30
:1050F800D9E90156701B82450BD9022002B0BDE8E0
:105108000007F0BD4FF0040AD9E90156701B82452B
:10511800F3D88846A7F11D012846524604F07AFBC9
:105128005544C9F80450701B844204D9022002B0C7
:10513800BDE80007F0BD28464146224604F06AFB58
:105148002819C9F80400102002B0BDE80007F0BD16
:10515800F0B503AF2DE900070268DFE802F0033C71
:105168001D260C4BC9B2AA291BD1012101600020C0
:10517800BDE80007F0BDD0E90123B3F5807F3CBF4F
:10518800C5182973591C914281600AD10521016013
:105198000020BDE80007F0BD032209020260A0F864
:1051A8000C110020BDE80007F0BDB0F80C21C9B211
:1051B8001143A0F80C11A1F2011292B2B2F57F4F7F
:1051C80012D30022042389B28260C0E90031002092
:1051D800BDE80007F0BDC9B2552905D1022101601B
:1051E8000020BDE80007F0BD002101600020BDE8F7
:1051F8000007F0BD8E4641684FF0000C61B1A1F286
:10520800011212F5807F40D301F00308042906D269
:1052180000244FF0000A17E04FF0000A29E001F4DB
:10522800FE7900244FF0000A06190434A145327BA8
:10523800757B82EA0A02B37B82EA0502F67B82EA80
:10524800030286EA020AEFD1B8F1000F11D000F18B
:105258000C05B8F1010F2E5D8AEA060A09D02C4424
:10526800B8F1020F65788AEA050A1CBFA2788AEAB3
:10527800020A40F80CCB5FFA8EF25FFA8AF3934287
:1052880018BF6046BDE80007F0BD40F650524FF425
:105298008070C2F220024FF4807104F07BFA0000A3
:1052A800F0B503AF2DE9000F8BB0042B03D8022112
:1052B800417000F012BC45F2AA5693462BF8046BD5
:1052C8000BEB0306CDF814B0053E07960E78DFE821
:1052D80016F00800C700510078002C00EC001101FE
:1052E8009000052B00F0F5834E88002502F1050992
:1052F8001571ADF82150F509CDF818908DF820609A
:1053080000F09D81F4B2B60B44F080048DF8215072
:105318008DF8204000F0F481EDB28DF8226045F060
:10532800800603258DF82160EBE1052B00F0D18381
:10533800042602F10508167100254E88ADF82150A3
:10534800CDF81880F5098DF8206000F07281F4B26C
:10535800B60B44F080048DF821508DF8204000F001
:105368007481EDB28DF8226045F0800603258DF832
:1053780021606BE14FF0020C052B00F0AC834E88E6
:1053880002F10509002582F804C0ADF82150F5099D
:10539800CDF818908DF8206000F04D81F4B2B60B6E
:1053A80044F080048DF821508DF8204000F0798178
:1053B800EDB28DF8226045F0800603258DF8216056
:1053C80070E1052B00F0858303211171511DA1EBBC
:1053D8000B0E8B4500F05B83A1EB0B04ABEB0101DB
:1053E80004F0030C11F1040F40F2F6804FF00008AE
:1053F80008E1052B00F06D83D1E90284072602F14C
:10540800050AE50916714FF00006CDF818A08DF8C9
:105418002040CDF8216000F0108144F080068DF81E
:105428002060A60B8DF8215000F0688145F08005BA
:105438008DF82150650D8DF8226000F0FE8146F050
:1054480080068DF82260260F8DF8235000F06482C4
:105458008DF8246045F0800605258DF823605CE210
:10546800052B00F036834E8802F10508002401253B
:10547800ADF82140F4091571CDF818808DF8206039
:1054880000F07B81F5B2B60B45F080058DF8214020
:105498008DF8205000F07081E5B28DF8226045F05B
:1054A800800603258DF8216067E1052B00F0118344
:1054B800052602F10509167100254E88ADF8215020
:1054C800CDF81890F5098DF8206000F0BA80F4B294
:1054D800B60B44F080048DF821508DF8204000F080
:1054E8007581EDB28DF8226045F0800603258DF8B0
:1054F80021606CE1052B00F0EC82D1E9044C062612
:10550800167100268DF82960CDF82560CDF8216048
:10551800E60946EA4C688DF8204058EADC1600F0A7
:10552800928044F080068DF82060A60B46EA8C4EE7
:105538005EEA9C368DF8218000F0738148F0800681
:105548008DF82160660D46EACC2858EA5C568DF83D
:1055580022E000F074814EF080068DF82260260F5C
:1055680046EA0C1454EA1C768DF8238000F0208259
:1055780048F080068DF823605FEADC068DF8244049
:1055880000F01D8244F080048DF824405FEA9C24DA
:105598008DF8256000F0428246F080068DF825607F
:1055A8005FEA5C468DF8264000F0878244F080046C
:1055B8008DF826405FEA1C648DF8276000F07F8232
:1055C80046F08006BCF1FF3F8DF828408DF8276033
:1055D80040F37782092478E224F003014FF00008B1
:1055E8001BF8046B04391BF8035C86EA08061BF8F1
:1055F800024C85EA06051BF8019C84EA050489EA41
:105608000408EDD1BCF1000F1EBF9BF8001088EA1A
:105618000108BCF1010F00F03C829BF80110BCF1BD
:10562800020F88EA01081CBF9BF8021088EA0108EB
:105638002FE201250AE0012534E001256DE101256D
:105648005FE00125C3E001243FE202259C1FAC4234
:10565800C0F03F82CDE9032308AA83460E461146CF
:1056680040462A4604F0D6F8B0880021ADF821104B
:1056780032468DF82000C10900F0D580C3B2800BF6
:1056880043F080038DF821108DF8203000F0D98088
:105698000326C9B28DF8220041F080008DF8210060
:1056A800D0E002259C1FAC42C0F01582CDE903234F
:1056B80008AA83468846114648462A4604F0AAF8AE
:1056C800B8F804000021ADF8211042468DF82000FA
:1056D800C10900F0AA80C3B2800B43F080038DF8A3
:1056E80021108DF8203000F0C1800326C9B28DF852
:1056F800220041F080008DF82100B8E002250CE17D
:105708000225A3F10608A845C0F0E381CDE90323EB
:1057180008AA83468A46114648462A4604F07AF87B
:10572800DAE902260020CDF82100F0098DF8206082
:105738007DD046F080018DF82010B10B8DF8210046
:1057480000F0B38040F080008DF82100700D8DF8D6
:10575800221000F02F8141F080018DF82210310FC6
:105768008DF8230000F02D81052440F080008DF88D
:1057780024108DF8230025E102259C1FAC42C0F0BF
:10578800A881CDE9032308AA83460E461146404660
:105798002A4604F03FF8B0880021ADF821103246BF
:1057A8008DF82000C10944D0C3B2800B43F08003B8
:1057B8008DF821108DF8203079D00326C9B28DF8E4
:1057C800220041F080008DF8210071E002259C1F25
:1057D800AC42C0F07E81CDE9032308AA83468846FF
:1057E800114648462A4604F015F8B8F80400002186
:1057F800ADF8211042468DF82000C1091BD0C3B274
:10580800800B43F080038DF821108DF8203064D090
:105818000326C9B28DF8220041F080008DF82100DE
:105828005CE0022451E101260CE001261FE001247E
:10583800C8E001263CE0012650E003256DE0032482
:1058480043E10226611B58468E4200F2428108EB72
:10585800050408A915463246204603F0DBFFA019C7
:105868006978069005A8FFF737FBFEE00226601B63
:10587800864200F2E98009EB050408A9154632467C
:10588800204603F0C7FFA019D5E90212069005A823
:10589800FFF7E8FB8446C0B2102840F0BA8008F150
:1058A800100105A8FFF7A5FADFE002248AE0022626
:1058B800611B58468E4200F20C8108EB050408A9CA
:1058C80015463246204603F0A5FFA019D5E9021275
:1058D800069005A8FFF7C6FBC7E00226601B8642B4
:1058E80000F2B28009EB050408A9154632462046A5
:1058F80003F090FFA019D5E90223069005A8FFF749
:10590800EAF98446C0B2102840F08380D8E904231D
:1059180005A8FFF7E0F9A8E00425A3F10609A945C1
:10592800C0F0D7800DF1080C83468CE80E0008A95A
:1059380050462A4603F06EFFA9EB0500844200F2A8
:1059480083800AEB050041462246019003F062FF7E
:105958000298D0E904860020F109CDF821008DF8DD
:10596800206021D046F080008DF82000B20B584608
:105978008DF8211020D041F080018DF82110710D93
:105988008DF8222047D042F080028DF82220320F75
:105998008DF8231044D04FF0050A41F080018DF8AE
:1059A80024208DF823103DE04FF0010A584639E0D5
:1059B80004248AE0032405E04FF0020A32E00524BB
:1059C80083E00424A8EB050084423DD8A94408A933
:1059D80002922246484603F01DFF2819A8EB000052
:1059E800864231D84C4402993246204603F012FFD1
:1059F800A019BAF80410069005A8FFF7F1FA844632
:105A0800C0B2102805D1BAF8061005A8FFF7E8FAC1
:105A18002BE058465FE04FF0030A03E0062454E009
:105A28004FF0040A2544A9EB05018A4551D801988D
:105A380008A952460444204603F0ECFE05EB0A0090
:105A4800A9EB0000864203D94FF0020C584642E009
:105A5800544441463246204603F0DCFE0298416831
:105A6800A019069005A8FFF75DFADDE9032384462F
:105A7800C0B2102858462ED1DDF814B0BBF1000F83
:105A880027D00699A1EB0B0E8B457FF4A5AC4FF000
:105A980000089EFA8EF1090C51800EF1040199421A
:105AA80080F0E28002F801800EF1050141600021DA
:105AB80001700BB0BDE8000FF0BD072405E0082415
:105AC80003E001260A248DF82960A3F1060AA245FD
:105AD80009D24FF0020C80F801C0012101700BB00F
:105AE800BDE8000FF0BD0DF1080C02F105088CE8C7
:105AF8000D0008AA894611464046224603F08AFE50
:105B0800B9F818000021ADF821108DF82000C1095E
:105B180011D0C2B2800B42F080028DF821108DF8AE
:105B280020200AD00326C9B28DF8220041F0800057
:105B38008DF8210002E0012600E00226AAEB04000D
:105B480086427DD8A04408A93246404603F062FE4A
:105B5800B9F81A000021ADF821104A468DF8200046
:105B6800C10912D0C3B2800B43F080038DF8211015
:105B78008DF820300CD04FF00309C9B28DF82200FF
:105B880041F080008DF8210004E04FF0010901E0A8
:105B98004FF002093519AAEB0500814550D808EBEA
:105BA800060008A914464A46019003F033FED4E9DA
:105BB80002240020CDF82100E0098DF8204020D0F3
:105BC80044F080018DF82010A10B8DF821001BD026
:105BD80040F080008DF82100600D8DF8221016D05D
:105BE80041F080018DF82210210F8DF8230011D08B
:105BF8004FF0050840F080008DF824108DF8230040
:105C08000AE04FF0010807E04FF0020804E04FF007
:105C1800030801E04FF0040809EB0506AAEB0600AB
:105C280080450DD8019808A9154642468144484642
:105C380003F0F0FD06EB0800AAEB0000844203D94C
:105C48004FF0020C029846E709EB0806294622465F
:105C5800304603F0DFFD02AB31190DCBA1EB0B0E83
:105C68008B457FF4B9AB12E740F660520846C2F2A2
:105C78002002194603F08EFD80B56F468968002220
:105C88000270416080BD80B56F460A782AB140F63F
:105C980070501B21C2F2200080BD4968816000203D
:105CA8001B2180BDF0B503AF2DE9000B82B004467F
:105CB80000688846416D21F003014165104640F2B5
:105CC800E24100F08AFDD8F800504FF400504FF43C
:105CD800805140224FF4803300E069612E69B60498
:105CE8000ED52E69F604F8D52E69B6F1FF3FF5DC1E
:105CF8002E69F60306D42E69760605D46A61EDE7A7
:105D08006861EBE7AB61E9E740F660162146C2F24D
:105D180020060022304600F060FCB01C214600221C
:105D280000F05BFC301D2146002200F056FCB01D3F
:105D38002146002200F051FC06F10800214600220D
:105D480000F04BFC06F10A002146002200F045FC59
:105D580006F10C002146002200F03FFC06F10E007F
:105D68002146002200F039FC06F1100021460022ED
:105D780000F033FC06F112002146002200F02DFC51
:105D880006F114002146002200F027FC06F1160057
:105D98002146002200F021FC06F1180021460022CD
:105DA80000F01BFC06F11A002146002200F015FC49
:105DB80006F11C002146002200F00FFC06F11E002F
:105DC8002146002200F009FC2068416989010FD5AD
:105DD800416921F000714161816C41B1816C0029F8
:105DE8001CBF816C002902D0816C0029F4D1206885
:105DF8004169012221F0605141612068816962F3A3
:105E08000D318161816C41B1816C00291CBF816CAD
:105E1800002902D0816C0029F4D12068416941F041
:105E280000714161816C41B1816C00291CBF816C9A
:105E3800002902D0816C0029F4D14FF480502860E9
:105E4800642028604FF4005068602868002809D44E
:105E5800286800285CBF2868002803D42868B0F1A7
:105E6800FF3FF2DC20680122016962F3020101614F
:105E7800816C41B1816C00291CBF816C002902D062
:105E8800816C0029F4D12068416921F4E051416115
:105E9800816C41B1816C00291CBF816C002902D042
:105EA800816C0029F4D12068816941F44021816125
:105EB8002068416921F000714161816C41B1816CB8
:105EC80000291CBF816C002902D0816C0029F4D103
:105ED800206840F68B56C2F220060022416941F440
:105EE800407141613046214600F077FBB01C2146E5
:105EF800002200F072FB301D2146002200F06DFBED
:105F0800B01D2146002200F068FB2068022540F6FB
:105F180093560022C2F22006816B65F3D841816353
:105F28002068816B41F4802181633046214600F06E
:105F380054FBB01C2146002200F04FFB301D2146C7
:105F4800002200F04AFBB01D2146002200F045FB6C
:105F5800206840F69B564FF00309C2F22006002243
:105F6800816965F3051181612068816969F39C6124
:105F780081613046214600F030FBB01C21460022EA
:105F880000F02BFB301D2146002200F026FBB01D3F
:105F98002146002200F021FB06F1080021460022DC
:105FA80000F01BFB2068172240F6AA26C2F2200642
:105FB800C16962F30501C16120680022C16941F02D
:105FC8004001C1613046214600F007FBB01C214664
:105FD800002200F002FB301D2146002200F0FDFAED
:105FE800B01D2146002200F0F8FA06F1080021460B
:105FF800002200F0F2FA06F10A002146002200F021
:10600800ECFA06F10C002146002200F0E6FA06F14F
:106018000E002146002200F0E0FA206840F62C121B
:1060280042F21073416A41F0400141622068416ABE
:1060380065F30501416201201C210090404600F0F3
:10604800E0FA40F60510214627F81A0CA7F11A00C5
:10605800002200F0C2FA20680E22C16965F38B2184
:10606800C161206840F6A555C2F22005816A69F32E
:10607800881181622068816A62F30501816228467D
:106088002146032200F0A9FAA81C2146032200F0A9
:10609800A4FA281D2146032200F09FFAA81D2146D4
:1060A800032200F09AFA05F108002146032200F0C5
:1060B80094FA05F10A002146032200F08EFA05F150
:1060C8000C002146032200F088FA05F10E00214653
:1060D800032200F082FA05F110002146032200F0A5
:1060E8007CFA05F112002146032200F076FA05F148
:1060F80014002146032200F070FA05F1160021462B
:10610800032200F06AFA05F118002146032200F084
:1061180064FA05F11A002146032200F05EFA05F13F
:106128001C002146032200F058FA05F11E00214602
:10613800032200F052FA05F120002146032200F064
:106148004CFA05F122002146032200F046FA05F137
:1061580024002146032200F040FA05F126002146DA
:10616800032200F03AFA05F128002146032200F044
:1061780034FA05F12A002146032200F02EFA05F12F
:106188002C002146032200F028FA05F12E002146B2
:10619800032200F022FA05F130002146032200F024
:1061A8001CFA05F132002146032200F016FA05F127
:1061B80034002146032200F010FA05F1360021468A
:1061C800032200F00AFA05F138002146032200F004
:1061D80004FA05F13A002146032200F0FEF905F120
:1061E8003C002146032200F0F8F905F13E00214663
:1061F800032200F0F2F905F140002146032200F0E5
:10620800ECF905F142002146032200F0E6F905F118
:1062180044002146032200F0E0F905F1460021463A
:10622800032200F0DAF905F148002146032200F0C4
:10623800D4F905F14A002146032200F0CEF905F110
:106248004C002146032200F0C8F905F14E00214612
:10625800032200F0C2F902B0BDE8000BF0BD80B522
:106268006F4648F248110068C4F21F0105230A6806
:1062780063F303020A60416841F0080141600321A9
:1062880080BDF0B503AF2DE9000F81B048F20141A0
:106298004FF0010CC2F20001BFF35F8FD1E84F2F1E
:1062A800C1E843CF002BF9D1BFF35F8F002A01BFAC
:1062B80048F20001C4F20D010022C4F22F0201BF0E
:1062C80002F5542C02F5502E02F54C28A1F5004495
:1062D80001BFA1F5003501F5F61601F5F413C0E983
:1062E800683601BFC0E96A54C0E96C8EC0E96EC166
:1062F80001F5005E01BF01F5805640F2040CC4F2BE
:106308002E0C01F5021401BF0CF5FE7501F50043D2
:1063180000F5C07888E8380001BF00F5C67383E847
:106328001210C0E9666EA1F5404C01BF01F5881E48
:1063380001F5861801F5841401F5821301BF01F5F2
:10634800003602F51025C0E9585600F5B47501BFAE
:1063580085E81A41C0F87CC1A1F5804C02F51C2ED5
:1063680001BF02F5182802F51424A1F5E03301F560
:10637800282601BF01F5EE15C0E9505600F5A475B1
:1063880085E8184101BFC0E9562C02F5782802F5C6
:10639800742902F5702401BF02F56C234CF2000C3D
:1063A800C4F2070C0CF5004601BF01F5E03E01F50B
:1063B8008E15C0E9485EC0E94A6101BF00F59875CD
:1063C80085E81802C0F83C8101F5482801BF01F5AD
:1063D800442901F5402A01F53C2B01F5382301BF7A
:1063E80001F5342401F5302501F52C26C0E9406576
:1063F80001BFC0E94243C0E944BAC0E9469802F582
:10640800302801BF02F52C2902F5282A02F5242B91
:1064180002F5861301BF02F5841402F5821502F510
:106428008016C0E9386501BFC0E93A43C0E93CBA03
:10643800C0E93E9801F5F01801BF01F59219A1F5E0
:10644800503AA1F5403BA1F5303301BF01F5901456
:1064580001F58C1501F58A16C0E9306501BFC0E960
:106468003243C0E934BAC0E9369844F2000B01BFA0
:10647800C4F2002B0BF500490BF5804A4FF0844815
:1064880001BF01F56C2601F5682401F56425A1F525
:10649800C03301BFC0E9283500F1A80383E85009DB
:1064A800C0E92EA901BF01F5602801F5E61901F53B
:1064B800E81AA1F5203601BF0BF5E03301F55824A1
:1064C80001F55425C0E9205401BF00F1880484E88F
:1064D8004804C0E9259EC0F89C8001BFA1F5103E84
:1064E80001F5FE1801F5001902F5642A01BF02F54D
:1064F800602302F55C2602F5582501F5A03401BF9A
:1065080000F1600B8BE87000C0E91B3AC0E91D98E8
:1065180001BFC0F87CE001F5803E02F540480CF56B
:10652800804901BF01F5804A01F5F21344F20806DB
:10653800C4F2090601BF06F1100506F10804C0E916
:106548001064C0E9125301BFC0E914A9C0E9168E4E
:106558000CF5C03E01F5103801BF01F5801901F5B1
:106568007C2401F5782302F57C2601BF02F5482535
:10657800C0E9085600F1280585E8180201BFC0E9FE
:106588000D81C0F83CE002F5442E02F50C2601BF4F
:1065980001F5D21501F5242402F54022A1F5803336
:1065A80001BFA1F5A031C0E90013C0E9022C1030E9
:1065B80001BF80E8704001B0BDE8000FF0BD40F6B3
:1065C800F55040F62C62C2F22000C2F220023521BA
:1065D80003F0F4F880B56F46FEE780B56F460378A0
:1065E8004078096801EB83014000C0B20323D1F869
:1065F80068C0834002FA00F02CEA03031843886657
:1066080080BDF0B503AF2DE900078046A1F11B005E
:106618001C2880F088801D4616469A4200F28E801B
:10662800002D00F0968043F200698A46C0F26E1988
:106638002A46A6FB0901002303F078FE0AFB09009D
:106648004CF67F11CDF64111084443F27F61C2F246
:10665800BE6188425CD8D7F808C04FF48032D8F8B9
:1066680000004FF480534FF4005100E08167046F3D
:10667800E40307D5046FA404F8D4046FE40403D436
:106688004367F4E74267F2E79CFAACF140F63C72E4
:10669800B1FA81F1C0F88060C0F89050C2F22002CF
:1066A80052F8212040F62876C0F870A0036FC2F295
:1066B800200656F8211023F4C0131A430267D0F8B5
:1066C800702147F6FF73CFF67F731A404FF480535B
:1066D80042EAC15242EAC131C0F870114FF4005188
:1066E8004FF4803200E08367066FB6040BD5066F5F
:1066F800F604F8D4066FB6F1FF3FF5DC066FF60333
:1067080003D58267F0E74167EEE7BDE80007F0BD13
:1067180040F6E46040F61872C2F22000C2F220028D
:10672800652103F051F840F63C6040F68062C2F201
:106738002000C2F22002892103F046F840F690605A
:1067480040F6C462C2F22000C2F22002672103F0C0
:106758003BF840F6D460C2F2200003F011F880B58F
:106768006F4680BDF0B503AF2DE9000FADF5057D8F
:106778000DF1040980464FF40071484603F0D5FC3A
:1067880044F2E02A0DF5017BC2F2000A00246FF002
:106798000F055646DAE96001CDE98301584682942F
:1067A800819602F05CF90DF5017C09EB05001035C6
:1067B8000C369CE80E1001341030B5F5F87F80E8EF
:1067C8000E10E7D101A940464FF4007203F060FDB6
:1067D8000DF5057DBDE8000FF0BD80B56F46B1F53C
:1067E800487F98BF4FF4487140F22762914228BF12
:1067F800114644F2AF73A1F5487100688AB25A4352
:10680800C368A1EB124189B2490801EB124123F098
:106818001F0242EA1111C16004E00168B1F1FF3FB3
:10682800D8BF80BD0168002905D4016800295CBF74
:1068380001680029F1D580BDF0B503AF2DE9000B43
:1068480044F2E043C4F21F031B68C3F30B2E4FEA64
:10685800135CE6451FBF0124C1F88841DBB24FF441
:106868007A781FBF03FB08F9ACEB0E04D1F89061EE
:1068780049F658651FBFCFF6FF7513FB085393FB06
:10688800F4F3C2EA06021FBFC1F8902180E80A406B
:10689800C0F80C90BDE8000B18BFF0BD40F6507072
:1068A800C2F2200002F06CFFF0B503AF2DE9000F33
:1068B80083B0D1F800B00A46DBF80010002940F098
:1068C800D781D2E901514FF0FF33CBF80030D268BD
:1068D8002B78DBF808405E0046EAD316F3B29C42F8
:1068E8003CD9DBF81C4006F00F062468BFF35F8F25
:1068F800A4B224FA06F6F60730D0DBF818609E42F8
:1069080040F2C2812B785E0635D05E00DBF8085075
:1069180046EAD316F3B29D4240F2B081DBF81C5030
:1069280006F00F062D68BFF35F8FADB225FA06F6A5
:10693800F60700F0A381DBF818609E4240F2AC81B4
:10694800DBF8146003EB830306EB830ADAF80C60C8
:10695800766816F0680F20D0072100E00521417005
:106968000121DBF800200170501CCBF8000003B0B7
:10697800BDE8000FF0BDDBF80830002B1FBFDBF8C7
:106988001C301B68BFF35F8F5FEAC3731BD140F6EF
:106998008070C2F2200002F0CBFED9469AF810406F
:1069A80059F820CF04F01F0566B20124DCF8B8318D
:1069B800B6F1FF3FD8BF1B0CAC4023401B0600F0CC
:1069C800B4800021CBE7DBF81830002B00F06C8195
:1069D800DA4601245AF8203F082A5AF80C9CD3F8C2
:1069E800ACE199F8106006F01F0C04FA0CF556D3C8
:1069F80015EA0E0453D0D9F80860C3F8AC51D3F89F
:106A0800402142F40052C3F84021D6E90A25D3F8C0
:106A18004041A40425D4D3F8402142F40052C3F8DD
:106A28004021D6E90A25D3F84041A4045FBFD3F832
:106A3800402142F40052C3F84021D6E90A255CBF40
:106A4800D3F840415FEA84440BD4D3F8402142F4A0
:106A58000052C3F84021D6E90A25D3F84041A404DE
:106A6800CDD5D3F8406126F40056C3F840614D6097
:106A780001250A6099F81020DAF8001053B202F0E4
:106A88001F02D1F8B861B3F1FF3FD8BF360C95406B
:106A98002E40360600F095804FF00808E4E0D9F85B
:106AA8000C40646814F0680F7FF456AFD3F8B8410F
:106AB80076B2B6F1FF3FD8BF240C25402D067FF4EF
:106AC80080AFB6F1FF3F4FF48036C8BF01264FF4C0
:106AD8007F0506FA0CF6C8BFFF252E40C3F8BC6137
:106AE80099F910304FF4803EDAF800604FF47F04D3
:106AF800B3F1FF3F03F01F03C4BFFF244FF0010EA3
:106B080005460EFA03F348462340C6F8783101F0EB
:106B180075FB8046D9F8080051460068C0F30A4260
:106B2800484601F0E7FA28469EE0BBF8303006F008
:106B38000F04E340DB073FF444AF4FF48033029087
:106B4800B6F1FF3FC8BF01234FF47F0603FA05F3F0
:106B5800C8BFFF263340CCF8BC314FF480309AF9D7
:106B680010304FF47F04D9F80060B3F1FF3F03F011
:106B78001F03C4BFFF24012098402040C6F87801B5
:106B8800DAF80C60DAE9013005687468F669C5F36B
:106B98000A48424538BF9046C4F30E42B21A4245ED
:106BA80038BF9046434538BF9846B8F1000F53D0D8
:106BB800DAF800E008F00302B8F1040F1ED200264C
:106BC80039E04FF48036B3F1FF3FC8BF01264FF4D8
:106BD8007F0306FA02F2C8BFFF231A40C1F87821E2
:106BE800D9F80810054648460968C1F30A425146D3
:106BF80001F080FA28464FF0080835E0CDE9002971
:106C080040F2FC7208EA020C4D1C00260EEB06044A
:106C18001EF80630A81994F8019005F80690043675
:106C2800B445A27800F8013C4270E2788270EDD158
:106C3800DDE90029B6446AB19EF80000012A8855AA
:106C480008D031449EF80100022A48701CBF9EF803
:106C580002008870DAF8080000684946C0F30A4262
:106C6800504601F047FA02980021C0F8048078E6FF
:106C780040F66070C2F2200002F0DEFC40F6D070F0
:106C8800C2F2200002F054FD41F24002C2F220029A
:106C98001846314602F07EFD41F23002C2F220026F
:106CA8001846314602F076FD41F230020020C2F269
:106CB8002002002102F06EFDF0B503AF4DF804BDCF
:106CC80082B004682168002940F0F680D0E9011EEE
:106CD8004FF0FF33D0E903C2204640F8043B0B785D
:106CE800DBB14978A5684A0042EAD112D3B29D4285
:106CF80040F2C580E56902F00F022D68BFF35F8F8F
:106D0800ADB225FA02F2D20700F0B980A169994222
:106D180040F2DE8001200521C7E01378A66843F021
:106D280001014D0045EAD315EBB29E4240F2A7801F
:106D3800E66905F00F053668BFF35F8FB6B226FA2D
:106D480005F5ED0700F09B80A169994240F2C080EB
:106D58001378A66843F002014D0045EAD315EBB25B
:106D68009E4240F28C80E66905F00F053668BFF355
:106D78005F8FB6B226FA05F5ED0700F08080A169AD
:106D8800994240F2A5801378A66843F003014D00AC
:106D980045EAD315EBB29E4271D9E66905F00F05B5
:106DA8003668BFF35F8FB6B226FA05F5ED0766D0F1
:106DB800A169994240F28C801378A66843F00401D7
:106DC8004D0045EAD315EBB29E4258D9E66905F065
:106DD8000F053668BFF35F8FB6B226FA05F5ED07E3
:106DE8004DD0A169994273D91378A66843F005017B
:106DF8004D0045EAD315EBB29E4240D9E66905F04D
:106E08000F053668BFF35F8FB6B226FA05F5ED07B2
:106E180035D0A16999425BD91378A66843F0060179
:106E28004D0045EAD315EBB29E4228D9E66905F034
:106E38000F053668BFF35F8FB6B226FA05F5ED0782
:106E48001DD0A169994243D91278A56842F007017B
:106E58004B0043EAD212D3B29D4210D9E56902F041
:106E68000F022D68BFF35F8FADB225FA02F2D20789
:106E780005D0A16999422BD90120032115E0E26AC6
:106E8800BEF800309A4203D3D21AA66AB24202D29E
:106E98000120042109E0E2620D469CF8006000969A
:106EA80001F0AAF870B10020294622680132226058
:106EB80002B05DF804BBF0BD40F66070C2F220007D
:106EC80002F0BAFB40F69070C2F2200002F030FCEB
:106ED80041F240021846C2F2200202F05BFCF0B513
:106EE80003AF4DF804BD84B00468216800296DD152
:106EF800D0E901014FF0FF322260A56803785800FD
:106F080040EAD312D0B2854259D991F800C002F0B4
:106F18000F02E169012505FA02F20968BFF35F8FE4
:106F28000A424CD0A16981425CD9A168814253D9F7
:106F3800E1690968BFF35F8F0A424DD0A1698142B8
:106F480056D9214600EB800051F8206F51F80C5CAF
:106F580005EB8000057C05F07F020192082A4DD2DE
:106F68006DB205F03F024FFA83FE002D06EB820258
:106F7800D2F8C03146BF23F480336CF310436CF36E
:106F88000003BEF1000FC2F8C03118D45FEACC721A
:106F980015D10A68012690F91030002BD2F8B821D3
:106FA80003F01F0348BF120C06FA03F31A40120637
:106FB80005D182681268C2F30A4201F09BF8206882
:106FC8000130206004B05DF804BBF0BD40F660708D
:106FD800C2F2200002F030FB40F6E070C2F220005E
:106FE80002F0A6FB41F24002C2F2200202F0D2FBFC
:106FF80041F23002C2F2200202F0CCFB46F6D91070
:1070080041F20002C0F2000002A9039001A8029018
:1070180040F29C50C2F22000C2F2200202F0D4FBDF
:10702800F0B503AF2DE9000F83B00E683268002A6F
:1070380040F00082D1E9015ECC684FF0FF31316049
:107048002978B2684B0043EAD111CBB29A4272D97F
:10705800F26901F00F011268BFF35F8F92B222FA52
:1070680001F1C90767D0B169994240F2EF812978E7
:107078004A0662D04B0043EAD111B268CBB29A42B9
:1070880040F2DE81F26901F00F011268BFF35F8FF1
:1070980092B222FA01F1C90700F0D281B16999428E
:1070A80040F2E181716903EB830201EB8209D9F8AF
:1070B8000C10496811F0680F54D1B04699F81020A7
:1070C80058F820CF02F01F0355B20122DCF8B8119E
:1070D800B5F1FF3FD8BF090C9A401140090657D1B6
:1070E80002904FF48030B5F1FF3FC8BF01204FF444
:1070F8007F0100FA03F0C8BFFF210840CCF87801EF
:10710800D9E9010109684FEA114A6FF3DF2A5445AA
:1071180038BFA246504538BF8246BAF1000F00F08A
:10712800C280D9F800400AF00302BAF1040F67D20E
:10713800002123467CE005212BE0B1680229C0F03C
:107148008C81F1690968BFF35F8F890740F18581F8
:10715800B169012940F28E8171690A6A526812F098
:10716800680F01D0072114E0B14691F8242059F89E
:1071780020CF02F01F0A53B20122DCF8B85102FAFC
:107188000AF2B3F1FF3FD8BF2D0C2A4012060AD0ED
:1071980000214170012132680170501C306003B039
:1071A800BDE8000FF0BD02904FF48030B3F1FF3F0F
:1071B800C8BF01204FF47F0200FA0AF0C8BFFF22BF
:1071C8001040CCF8780101F11408D1E906010968EA
:1071D8004FEA114A6FF3DF2A544538BFA24650459B
:1071E80038BF8246BAF1000F00F0BF80D8F80040DF
:1071F8000AF0030CBAF1040F5FD20021234676E0AF
:107208000EF101032AF0030B002101925D185A5C6C
:1072180015F8010C95F801C0AD7860546018043178
:1072280042708B4580F802C0C570EFD1019A63188F
:1072380062B11EF80100012A187007D00EEB010098
:10724800022A417859701CBF80789870AAF1010011
:10725800012101EB501505F0030B01F02AFC4EF655
:10726800707024F01F01CEF20000BAF1610F0ED346
:1072780025F0030201F120030160036001F14003DE
:10728800036001F160038031043A0360F2D1BBF17D
:10729800000F1CBF0160BBF1010F40F0B98001F085
:1072A80008FC01F009FC48464146524600F022FF1E
:1072B8000298C0F804A000216DE70EF101032AF03E
:1072C800030B0021CDF804805D185A5C15F8010CF9
:1072D80095F80180AD7860546018043142708B4590
:1072E80080F80280C570EFD1DDF804806318BCF126
:1072F800000F0ED01EF80100BCF1010F187008D065
:107308000EEB0100BCF1020F417859701CBF807868
:107318009870AAF10100012101EB501505F0030B4B
:1073280001F0C7FB4EF6707024F01F01CEF200008A
:10733800BAF1610F0ED325F0030201F120030160B9
:10734800036001F14003036001F160038031043AF6
:107358000360F2D1BBF1000F1CBF0160BBF1010F4C
:107368005FD101F0A6FB01F0A7FB40464946524613
:1073780000F0C0FEB06800281FBFF0690068BFF3C6
:107388005F8F5FEAC07005D140F6B070C2F220008E
:1073980002F0CEF9B0690028029872D0D6F814C06D
:1073A8000121326A9CF81030D2F8B8415DB203F07E
:1073B8001F03B5F1FF3FD8BF240C994021400906AF
:1073C8007FF477AF4FF48031B5F1FF3FC8BF01219B
:1073D8004FF47F0401FA03F1C8BFFF242140C2F82B
:1073E800BC119CF910104FF480304FF47F05D9F888
:1073F8000020B1F1FF3F01F01F01C4BFFF250120AC
:10740800884049462840C2F87801604600224DE786
:1074180001F120020260BBF1020F1CBF4031016084
:107428003DE701F120020260BBF1020F1CBF4031B1
:10743800016096E740F66070C2F2200002F0FCF8A6
:1074480040F6F070C2F2200002F072F941F24002F8
:107458001846C2F2200202F09DF940F6A070C2F26E
:10746800200002F065F941F230021846C2F220020B
:1074780002F090F941F230020120C2F2200202F03B
:1074880089F941F230020020C2F22002002102F004
:1074980081F9F0B503AF2DE9000794B08046006884
:1074A800002840F082804FF0FF30C2464AF8200B97
:1074B800002008210C90CDE9060108F10409089084
:1074C80001210390019001A800F1400600F1100489
:1074D800CDF8409005910AE022F44C0242EA81413D
:1074E80001F54001C0F8C411059802281FD02046B4
:1074F800314600F0C4FCD0B1017C11F07F02F3D01A
:10750800DAF80030082A119255D24DB2417C501E4B
:10751800B5F1FF3FC0B203EB8000D0F8C421DBDD3A
:1075280022F00C0242EA810141F0C001DAE70020B2
:107538000821CDE906010121CDF840900C90089072
:107548000591039001900CE0B1F1FF3F06DD8168E1
:107558000968C1F30A42514600F0CCFD059802289B
:107568001AD02046314600F08AFCA8B1027C51B2FC
:1075780012F07F02E8D0DAF80030082A11921AD205
:10758800013A0029D2B203EB8202D2F8C421E5D431
:1075980012F08001DBD1E1E7D8F800000130C8F82B
:1075A800000014B0BDE80007F0BD40F66070C2F2FC
:1075B800200002F041F846F6D91041F20002C0F26C
:1075C800000012A9139011A8129040F29C50C2F228
:1075D8002000C2F2200202F0F7F8F0B503AF4DF830
:1075E80004BD044690F834000D46012801D12068F6
:1075F80029E001F064FA064601F057FA2068F1071D
:1076080021D1002801BF206A4FF0FF312160D0F856
:10761800481101BF21F0410165F3000165F38611AE
:10762800C0F8481101BF2068013020605DF804BB34
:1076380004BFBDE8F04001F03ABA40F66070C2F20B
:10764800200001F0F9FF002801BF206A4FF0FF3148
:107658002160D0F8481101BF21F0410165F3000114
:1076680065F38611C0F8481101BF20680130206019
:107678005DF804BB08BFF0BDDFE790F834100129BE
:1076880008BFFFF706BFB0B502AF044601F017FA0E
:10769800054601F00AFA2046FFF7FBFEE807BDE8B9
:1076A800B04018BF704701F002BAF0B503AF4DF80B
:1076B80004BD84B0044690F834000D46012801D179
:1076C800206845E001F0FBF9064601F0EEF9206874
:1076D800F1073DD16FF00041884275D2013020603A
:1076E800E8B2690041EAD011A268C8B2824271D9F1
:1076F800E26901F00F011268BFF35F8F92B222FABC
:1077080001F1C90766D0A169814269D9626900EBB4
:107718008000216A02EB8000007C00F07F02019269
:10772800082A63D240B200F03F02002801EB820130
:10773800D1F8C0512168A1F10101216048BF2D0C89
:1077480001F0B5F905F0010004B05DF804BBF0BD27
:107758006FF00041884237D201302060E8B26900FA
:1077680041EAD011A268C8B2824233D9E26901F075
:107778000F011268BFF35F8F92B222FA01F1C907B5
:1077880028D0A16981422BD9626900EB8000216A67
:1077980002EB8000007C00F07F020192082A25D2CB
:1077A80040B200F03F02002801EB8201D1F8C0513D
:1077B8002168A1F10101216048BF2D0C05F00100ED
:1077C80004B05DF804BBF0BD40F67070C2F2200052
:1077D80001F044FF40F6C070C2F2200001F0A8FF9B
:1077E80041F24002C2F2200201F0D4FF46F6D9105D
:1077F80041F20002C0F2000002A9039001A8029021
:1078080040F29C50C2F22000C2F2200201F0DCFFDC
:10781800D0B502AF84B007F8161CA7F1150107F818
:10782800152CA7F11602039190F83410CDE9010246
:10783800012904D101A8FFF752FB04B0D0BD01F023
:107848003EF9044601F031F901A8FFF748FBE007CB
:1078580008BF01F02CF904B0D0BDF0B503AF4DF866
:1078680004BD044690F834000D46012801D1206873
:1078780023E001F024F9064601F017F92068F10722
:107888001BD1002801BF206A4FF0FF312160690633
:1078980001BF01F18071C0F854112068013001BFA7
:1078A80020605DF804BBBDE8F04001F000B940F687
:1078B8006070C2F2200001F0BFFE002801BF206AFC
:1078C8004FF0FF312160690601BF01F18071C0F8F6
:1078D80054112068013002BF20605DF804BBF0BD80
:1078E800E5E7F0B503AF4DF804BD054691F834005F
:1078F8000C4601280ED12068002870D1206A4FF06C
:10790800FF312160D0F844114A063BD4C90724D17D
:1079180000203BE001F0D3F8064601F0C6F8F00776
:107928000ED1206800285AD1206A4FF0FF3121601B
:10793800D0F844114A0630D4C90733D1002045E0B5
:10794800206800284BD1206A4FF0FF312160D0F821
:1079580044114A0616D4C907DAD00121C0F84411E7
:10796800D0F8BC11D0F8BC21C9B2C2F307422186B5
:107978001304C0F8BC31AA806980D0F8AC01E88053
:10798800022003E04021C0F844110120216828802A
:10799800481C20605DF804BBF0BD4021C0F84411CC
:1079A800012013E00121C0F84411D0F8BC11D0F82F
:1079B800BC21C9B2C2F3074221861304C0F8BC3106
:1079C800AA806980D0F8AC01E8800220216828806C
:1079D800481C206001F06BF85DF804BBF0BD40F670
:1079E8006070C2F2200001F027FEB0B502AF86B089
:1079F800BD6807F8192C91F83420CDE90435A7F1B2
:107A08001903012ACDE9021304D102A9FEF74CFF9C
:107A180006B0B0BD044601F052F8054601F045F83D
:107A280002A92046FEF740FFE80708BF01F03FF82B
:107A380006B0B0BDF0B503AF4DF804BD94B0044630
:107A480090F83400012876D12068002840F072812F
:107A5800206A4FF0FF312160D0F8B811C0F8B81192
:107A6800D0F8BC11C0F8BC11D0F87811C0F8781162
:107A78000021C0F87C11D0F8B01159B1D0F8B0117C
:107A880000291CBFD0F8B011002903D0D0F8B011DC
:107A98000029F0D14FF0FF31C0F8B411D0F8B4117B
:107AA80059B1D0F8B41100291CBFD0F8B41100297D
:107AB80003D0D0F8B4110029F0D1201D1090002077
:107AC8000821CDE9060101210C900890039001904E
:107AD80001A800F1400500F11006059103E00598A2
:107AE800022800F017813046294600F0C8F900281E
:107AF80000F01081007C10F07F01F0D0226A082984
:107B0800119180F01D81013940B2B0F1FF3F6FF44F
:107B18000C00C9B202EB8101D1F8C421C8BF6FF0D3
:107B28008C0000EA02004FF40022C8BF082210436C
:107B3800C1F8C401D3E700F0C2FF054600F0B5FF65
:107B48002068E90775D1002840F0F480206A4FF0DA
:107B5800FF312160D0F8B811C0F8B811D0F8BC11C5
:107B6800C0F8BC11D0F87811C0F878110021C0F81D
:107B78007C11D0F8B01159B1D0F8B01100291CBF50
:107B8800D0F8B011002903D0D0F8B0110029F0D1F5
:107B98004FF0FF31C0F8B411D0F8B41159B1D0F892
:107BA800B41100291CBFD0F8B411002903D0D0F8B3
:107BB800B4110029F0D1201D109000200821CDE932
:107BC800060101210C9008900390019001A800F192
:107BD800400500F11006059103E00598022800F021
:107BE800A0803046294600F04AF9002800F0998024
:107BF800007C10F07F01F0D0226A0829119180F0F2
:107C08009F80013940B2B0F1FF3F6FF40C00C9B258
:107C180002EB8101D1F8C421C8BF6FF08C0000EAE3
:107C280002004FF40022C8BF08221043C1F8C40163
:107C3800D3E700287ED1206A4FF0FF312160D0F8C9
:107C4800B811C0F8B811D0F8BC11C0F8BC11D0F800
:107C58007811C0F878110021C0F87C11D0F8B01163
:107C680059B1D0F8B01100291CBFD0F8B0110029C3
:107C780003D0D0F8B0110029F0D14FF0FF31C0F88F
:107C8800B411D0F8B41159B1D0F8B41100291CBFFF
:107C9800D0F8B411002903D0D0F8B4110029F0D1DC
:107CA800201D109000200821CDE9060101210C902B
:107CB80008900390019001A800F1400500F110061A
:107CC800059102E00598022824D03046294600F0A4
:107CD800D6F8F8B1007C10F07F01F3D0226A0829A9
:107CE80011912DD2013940B2B0F1FF3F6FF40C0071
:107CF800C9B202EB8101D1F8C421C8BF6FF08C0072
:107D080000EA02004FF40022C8BF08221043C1F85D
:107D1800C401D7E720680130206014B05DF804BBC7
:107D2800F0BD20680130206000F0C1FE14B05DF89D
:107D380004BBF0BD40F66070C2F2200001F07CFC8C
:107D480046F6D91041F20002C0F2000012A91390C1
:107D580011A8129040F29C50C2F22000C2F22002F8
:107D680001F032FDB0B502AF86B0BD6807F8192C36
:107D780091F83420CDE90435A7F11903012ACDE99A
:107D8800021304D102A9FFF74BF906B0B0BD0446AF
:107D980000F095FE054600F088FE02A92046FFF790
:107DA8003FF9E80708BF00F082FE06B0B0BDB0B5E5
:107DB80002AF044690F83400012801D120681BE086
:107DC80000F07DFE054600F070FE2068E90713D13B
:107DD800002801BF206AD0F8401141F00101C0F825
:107DE800401104BFBDE8B04000F061BE40F66070CD
:107DF800C2F2200001F020FC002801BF206AD0F860
:107E0800401141F00101C0F8401108BFB0BDEDE7D5
:107E1800B0B502AF88B007F8221CA7F1220107917C
:107E2800A7F11F010691A7F11E01D7E9024507F83E
:107E3800212CA7F12102059190F8341007F8203C75
:107E4800012907F81F4C27F81E5CCDE9030204D16D
:107E580003A8FEF731FF08B0B0BD00F030FE0446BD
:107E680000F023FE03A8FEF727FFE20705D104462A
:107E78000D4600F01CFE2946204608B0B0BDB0B53E
:107E880002AFC26AC168012903D1D0E9041399423B
:107E980050D10168012941D1D0E9011399423DD25D
:107EA80000F1180C4FF0020E012403E0D0E9011391
:107EB800994233D24B1C436041F08003C9B2C0F8E9
:107EC80014E041EA032101830021C46003E0D0E902
:107ED80004139942EAD01CF8013001310161556858
:107EE800590041EAD311CBB29D42F0D9956901F00E
:107EF8000F012D68BFF35F8FADB225FA01F1C907F5
:107F0800E5D05169994269D9116903EB830301EB03
:107F18008303197C4906DAD01846B0BDC16900232D
:107F2800C360012903D1D0E90815A9422BD1C36147
:107F38001846B0BD00F1180C03E0D0E904139942CB
:107F4800A7D01CF80130013101615468590041EA99
:107F5800D311CBB29C42F0D9946901F00F01246887
:107F6800BFF35F8FA4B224FA01F1C907E5D05169C4
:107F7800994233D9116903EB830301EB8303197C1D
:107F88004906DAD0C8E700F1280E03E0D0E9081561
:107F9800A942CCD01EF80150013101625468690031
:107FA80041EAD5115FFA81FC6445EFD9946901F083
:107FB8000F012468BFF35F8FA4B224FA01F1C90747
:107FC800E4D05169614510D911690CEB8C0501EBBE
:107FD80085010D7C6D06D9D00846B0BD41F230024E
:107FE8001846C2F2200201F0D5FB41F23002604689
:107FF800C2F2200201F0CEFBF0B503AF2DE9000B71
:1080080084464668C8B24D0045EAD014E0B28642BC
:1080180017D9DCF8189004F00F04D7F80880012667
:1080280006FA04FEBFF35F8F59E8006F46EA0E04B4
:1080380049E80045002DF7D116EA0E0FBFF35F8F10
:1080480003D00020BDE8000BF0BDDCF80CE086454D
:1080580042D9DCF814E0864545D9DCF800601D46B5
:10806800B3F5806F06EB8014266846F0005626604C
:10807800266828BF4FF480656FF31A4646EA05461E
:10808800266026685FEA0865DCF808E026F40049FF
:10809800DCF810C04EB24D4608BF05F50045B6F1F4
:1080A800FF3FD8BF4D462560450101264EF80560C3
:1080B8000EEB401600EB8000756825F0FF05756033
:1080C8004CF820200CEB80000174011D80F8118011
:1080D80058C1BDE8000BF0BD41F210027146C2F272
:1080E800200201F057FB41F220027146C2F2200241
:1080F80001F050FBF0B503AF4DF8048D82B0054692
:108108008846EE680121006831607168F26162F3A7
:108118001E417160CAB1B06040F6FF71B068884313
:1081280000F58050F060F0686FF30B0000F58050A8
:10813800306130696FF30B0000F580507061706931
:108148006FF30B0000F5805004E00020B060F06091
:1081580030617061B0618021706840F400407060E7
:10816800706861F307007060009600F0A2FC4EF69C
:1081780070746846CEF2000420F01C00206000F005
:1081880098FC00F099FCA8688660C16821F0FF019E
:10819800C160019000F08DFC01A820F01C00206057
:1081A8002030206000F085FC00F086FC95F9101066
:1081B8004FF47F02D8F800004FF48033B1F1FF3F4D
:1081C80001F01F01C8BFFF22C8BF012303FA01F154
:1081D8001140C0F8B011D0F8B01159B1D0F8B011B1
:1081E80000291CBFD0F8B011002903D0D0F8B01175
:1081F8000029F0D102B05DF8048BF0BDF0B503AFF3
:108208002DE9000B0346D0E901C0DC680068D4F80A
:1082180004E0C0F30A40E469824238BF1046CEF356
:108228000E42A21A824238BF1046844538BF6046C3
:1082380048B1D3F8008000F0030C042806D20023CC
:10824800BCF1000F1FD1BDE8000BF0BD40F2FC737C
:1082580000EA030E01F10109002308EB030618F8F0
:10826800035009EB0304727809F8032004339E4590
:10827800B27804F8015C6270F278A270EDD198448B
:10828800BCF1000FDFD098F80020BCF1010FCA54F0
:10829800D9D0194498F80120BCF1020F4A701CBFCC
:1082A80098F802208A70BDE8000BF0BDF0B503AF66
:1082B8004DF804BD91F82330012591F8226091F81A
:1082C8002440002B91F82510D0E9052C0CF1020E62
:1082D80001770CF10401C0E900516FF07F0518BF68
:1082E8006FF03F0596451CD80CF5807311469342F4
:1082F80038BF1946734532D3A1EB0E01072910D3B5
:1083080045EA441104694FF0807344F80E3004EBD9
:108318000E03597100219E7119710CF109039342E2
:1083280003D902205DF804BBF0BD94451ED2092193
:1083380004F80C100CF1010191423FBF0222625473
:10834800836108203CBF5DF804BBF0BD41F26003C7
:108358000846C2F2200311461A4601F01BFA41F200
:1083680070037046C2F2200301F08AF941F250030B
:108378006046C2F2200311461A4601F00BFAF0B526
:1083880003AF2DE9000B9446120601D042690AE0BA
:108398000268012A3AD14468426994425CD206696B
:1083A800355D01353555D0F818E04FF00108D7E9AB
:1083B80004490EF10405002CC0E9028508BFA14656
:1083C8000EF1020494421DD80EF5807615469642A9
:1083D80038BF3546A64237D32D1B072D12D3056962
:1083E800D7E9028629552919CB7000238B700EF125
:1083F8000903934281F806904E7181F8048081F850
:1084080001C007D90220BDE8000BF0BD0720BDE878
:10841800000BF0BD964528D2092105F80E100EF183
:10842800010191423FBF04226A54836108203CBF86
:10843800BDE8000BF0BD41F260030846C2F220031C
:1084480011461A4601F0A6F941F270032046C2F21D
:108458002003294601F014F941F280032046C2F2B4
:10846800200311461A4601F095F941F2500370466F
:10847800C2F2200311461A4601F08CF94269032A18
:1084880081BF016980694880704780B56F4641F2B5
:1084980090030220C2F22003042101F0F1F8F0B5A4
:1084A80003AF2DE9000B057F012D35D11546D0E925
:1084B800052C0CF1020E96451ED80CF58076144654
:1084C800964238BF344676452AD3A4EB0E04062CD0
:1084D80012D304690026D7E9028904F80E1004EBC8
:1084E8000E018B700CF1080393424E7181F80490D1
:1084F80081F803804D7003D90220BDE8000BF0BD60
:10850800944515D2082104F80C100CF10101914290
:1085180017D20B22836162540820BDE8000BF0BD1E
:1085280041F270037046C2F22003214601F0A8F818
:1085380041F250036046C2F2200311461A4601F088
:1085480029F941F260030846C2F2200311461A468F
:1085580001F020F9F0B503AF2DE90007D0E9058A4D
:1085680004460AF10200404518D80AF580754646C7
:10857800454538BF2E4685422BD3361AB3420DD80F
:10858800264624698946114620441A461D4601F0AC
:1085980041F9A81C0AEB0001414503D90220BDE8B6
:1085A8000007F0BDC2451CD204F80A000AF1010018
:1085B80040453FBF04F80090B1610820BDE80007BE
:1085C80038BFF0BD41F260024146C2F2200201F01C
:1085D800E1F841F270033146C2F22003424601F04D
:1085E8004FF841F250025046C2F22002414601F0D3
:1085F800D1F8F0B503AF2DE9000F87B0D1F800A08E
:108608000E698D68BAF1000F18BF4FF0010A002EED
:1086180018BF0326002D18BF0225D0E9052C0CF140
:10862800020E964504D9022007B0BDE8000FF0BD40
:108638000CF580731446934238BF1C4673455BD3D0
:10864800A4EB0E03102B04D2022007B0BDE8000FE4
:10865800F0BD91F821300124069391F8203003935E
:10866800CB7F04938B7FB1F81A80B1F81890898B6F
:108678000593D0F810B00B0A02934FEA1823019320
:108688004FEA192300934FF404732BF80E300BEBC9
:108698000E039972019959720099D9710699597105
:1086A8000399197104999E73029ED9700599DC7318
:1086B8005D7383F80CA0DE7283F8088083F8069057
:1086C80099700CF11203934204D9022007B0BDE857
:1086D800000FF0BD944517D212210BF80C100CF1C5
:1086E8000101914219D20122836108200BF801206F
:1086F80007B0BDE8000FF0BD41F270037046C2F24A
:108708002003214600F0BCFF41F250036046C2F24C
:10871800200311461A4601F03DF841F2600308466D
:10872800C2F2200311461A4601F034F8F0B503AF3F
:108738002DE9000F83B096460646D0E90520831C34
:10874800934204D9022003B0BDE8000FF0BD904267
:1087580080F08780356900232B54431C934280F0B6
:10876800888002960326EE542B1801EB0E0B03F1BA
:10877800020C019500254FF0000A4419BAF1000FC8
:1087880004F1020E0BD10EE02CF805A00235CA4602
:1087980041464419BAF1000F04F1020E03D04FF01C
:1087A8000009884642E0594550D0884618F9013BEF
:1087B800B3F1FF3F5FFA83FA36DC4E780AF01F0800
:1087C800BAF1E00F06F03F0620D38B78BAF1F00F2C
:1087D80003F03F0343EA86161DD3CB7803F03F032B
:1087E80043EA861308F0070601F1040843EA8649BC
:1087F8000021B1EB194F16D009F57F01372363F338
:108808009F294FF4584343EA912A0FE046EA881A11
:1088180001F1020808E046EA083901F103080021DD
:10882800B1EB194FE8D1CA464FF000099645BFF49D
:1088380089AF211D1EF1030F98BF9142A4D941F2BF
:10884800C0037046C2F2200300F01AFF019AA91C67
:1088580011540298C0F818E0082003B0BDE8000FD2
:10886800F0BD41F2A0031146C2F220031A4600F0FF
:1088780091FF41F2B00C1846C2F2200C1146624634
:1088880000F088FF80B56F4684B0D7F808E09446BA
:1088980000220292CDE9003E6346FFF770FD04B066
:1088A80080BDF0B503AF4DF804BD0568012D15D1A5
:1088B800D0E901067469A04246D23469255C0135C5
:1088C80025540224D6E905C01D180335654598BF0F
:1088D800FC2B08D920465DF804BBF0BD07242046D0
:1088E8005DF804BBF0BD604535D23569DC1C2C54FD
:1088F800441CD6F814C0644534D2D6F810C01025EC
:108908000CF80450841CD6F814C0644532D235697A
:1089180003302955C418D6F814C00DD264450BD8B5
:108928003169084411461A4600F074FFB4610824FE
:1089380020465DF804BBF0BD41F210132146C2F297
:108948002003624600F09CFE41F2D0022146C2F2AA
:10895800200200F01FFF41F2E0026146C2F220024D
:1089680000F018FF41F2F002C2F2200220466146F0
:1089780000F010FF41F20012C2F2200220466146C8
:1089880000F008FFB0B502AF83680121D3E9052CD8
:108998000CF104040CF1020E9645C0E9001416D837
:1089A8000CF580741146944238BF2146744532D381
:1089B800A1EB0E0103290AD31C69002504EB0E0163
:1089C80024F80E508D700CF10501914201D9022056
:1089D800B0BD944526D2052504F80C500CF1010CC5
:1089E80094453FBF0F2204F80C20996141F22012F0
:1089F8003FBFC2F2200202210423BDE8B04038BFC5
:108A0800FFF74FBF41F26003C2F2200311466046F0
:108A18001A4600F0BFFE41F270037046C2F220030E
:108A280000F02EFE41F25003C2F2200311466046C8
:108A38001A4600F0AFFE8168002303604A69032AE2
:108A480081BF086989694180704780B56F4641F2E6
:108A580024130220C2F22003042100F011FE014673
:108A680040681F289FBF896801EB40104FF4805170
:108A780000229FBF425000F58050828082719FBFC4
:108A8800C2718260C26002619FBF8282C2828261BB
:108A980082839CBFC283704780B56F4641F234120F
:108AA8002021C2F2200200F075FE72B6704762B64D
:108AB8007047BFF34F8F7047BFF36F8F7047EFF367
:108AC8001080704780B56F46D0E90002D268BDE8D3
:108AD8008040104780B56F460B46D0E90012184613
:108AE800BDE8804000F040BAF0B503AF2DE9000FB3
:108AF80085B003469446B0F57A7F5ED3CDE902127D
:108B080041F24414039AA1F1020E4FF0000C6FF0E9
:108B1800030A6FF002056FF00106C2F220048046D6
:108B2800019041F2597012EB0A03CDF2B710A8FB7D
:108B38000030C0F08D80410B42F2107001FB1083B1
:108B4800049141F27B410EEB020B98B28008484336
:108B58004FEA504914F819000BF8020C501975D354
:108B680004EB490040780BF8010C90196CD3642091
:108B780009FB103080B214F810300EF8023002EB06
:108B88000C03013B934257D204EB4000049BAEF127
:108B9800040E043E4078043D8BF8010049F27F60E2
:108BA800AAF1040AACF1040CC0F29800804598467A
:108BB800B7D8039ADDE901019444092B21D9ACF116
:108BC800020595424ED29EB241F2441EB40841F2CB
:108BD8007B466643C2F2200EACF1010C94454FEA85
:108BE80056484FF0640608FB1636B6B21EF8164013
:108BF8004C5540D20EEB4606767801F80C6018B951
:108C08000AE09846654638B1B8F1000F04D1284605
:108C180005B0BDE8000FF0BD013D954222D241F2FA
:108C28004412C2F2200202EB480040784855284618
:108C380005B0BDE8000FF0BD039941F20C22C2F265
:108C48002002184600F0A6FD901903E0501901E033
:108C580002EB0A0041F20C23C2F2200311461A4625
:108C680000F098FD41F20C2C2846C2F2200C114667
:108C7800624600F08FFD41F20C236046C2F22003E9
:108C880011461A4600F086FDB0B502AF86B00068FE
:108C9800A7F112050C460A222946FFF725FFC0F165
:108CA8000A01284401220023CDE9000120460121C0
:108CB80000F026F806B0B0BDF0B503AF4DF8048D4E
:108CC800D7F808801C460E46B2F5881F0AD03369CB
:108CD8001146054698470146284619B101205DF816
:108CE800048BF0BD3CB1F368214642465DF8048B25
:108CF800BDE8F040184700205DF8048BF0BD000087
:108D0800F0B503AF2DE9000F87B0FE681C46154685
:108D1800814659B1D9F808B01BF4001006EB505839
:108D28004FF02B0008BF4FF4881004E0D9F808B0C2
:108D380006F101082D200690B86805905FEA0B201F
:108D480017D40025B9F80CA0D045C0F08180204682
:108D58002B46D9E9004500902946069A2046FFF798
:108D6800ABFF002841D00124204607B0BDE8000F22
:108D7800F0BD102C43D2002C46D004F0030CA00800
:108D88004FF0000242D000F003006B1CCDE90364F1
:108D9800AA46A2EB800E6FF003041E19043496F95C
:108DA800031096F9065096F9050011F1410F96F94E
:108DB8000460C8BF013216F1410FC8BF013210F17B
:108DC800410FC8BF013215F1410F0EEB0400C8BFB7
:108DD80001320430E1D1211D039E049C10460A464D
:108DE8005546BCF1000F15D12CE0EB6820460599DB
:108DF800324607B0BDE8000FBDE8F04018472846E6
:108E0800214600F0A4F91DE000201BE00020BCF181
:108E1800000F17D0A95611F1410FC8BF0130BCF19E
:108E2800010F0FD02A4492F9011011F1410FC8BF68
:108E38000130BCF1020F05D092F9021011F1410F77
:108E4800C8BF01308044B9F80CA0D045BFF47FAF4B
:108E58005FEACB1004940ED4CBF341700396AAEBCF
:108E680008026FF35F5B0024AA46DFE800F04002C7
:108E78003E0214463BE0D9E902102B46D9E900B47A
:108E880001900020C9F6E07002910840214640F0A8
:108E9800005040F03000C9F8080004980090584687
:108EA800069AFFF709FF002842D1AAEB08000396AB
:108EB800002586B2A8B2B04207D2226958463021AE
:108EC800904701350028F5D032E005995846039AB5
:108ED800E368984760BBDDE901100024C9E9020195
:108EE800204607B0BDE8000FF0BD90B24408D9E9AC
:108EF800005800260292A0B2B1B2814208D2D8F836
:108F0800102028465946904701360028F3D00FE034
:108F18000498414600902846069A5346FFF7CCFE2F
:108F280030B905992846039AD8F80C30984728B1E3
:108F38000124204607B0BDE8000FF0BD02980026C6
:108F4800001B1FFA80F90024B0B2484538BF01243D
:108F5800BFF40AAFD8F81020284659469047013682
:108F68000028F0D000E70000F0B503AF2DE9000FAE
:108F780081B0D0F808909346884619F0C05F00F099
:108F880079805FEAC9013CD4BBF1100F57D2BBF11D
:108F9800000F00F0B3800BF0030C5FEA9B014FF069
:108FA800000300F0AD8001F0030108F1010A6FF041
:108FB8000305A3EB810E00210AEB0504043594F99F
:108FC800033094F9062094F9056013F1410F94F9E0
:108FD8000440C8BF013114F1410FC8BF013116F177
:108FE800410FC8BF013112F1410F0EEB0502C8BF96
:108FF80001310432E0D12B1DBCF1000F40F0848018
:1090080029E0C18919B308EB0B034FF0000B454663
:109018000A4607E0F02D2CBF351DF51CAE1B013AA2
:10902800B34416D09D4215D02E4615F9014BB4F124
:10903800FF3FF3DCE5B2E02DECD2B51CEEE70446C9
:109048004046594600F083F80146204603E04FF0B9
:10905800000B0022891A828991420BD2531AC9F354
:1090680041716FF35F590026DFE801F011020F111B
:109078001E460CE0D0E900015A46CB68414601B0D3
:10908800BDE8000FBDE8F040184799B24E08D0E996
:10909800005A00240093B0B2A1B281420DD2DAF88E
:1090A800102028464946904701340028F3D001266D
:1090B800304601B0BDE8000FF0BDDAF80C302846A4
:1090C80041465A46984728B10126304601B0BDE8C6
:1090D800000FF0BD00980024801B1FFA80F80026BE
:1090E800A0B2404538BF0126E2D2DAF8102028465F
:1090F8004946904701340028F1D0D9E70021AAE772
:109108000021BCF1000FA6D018F9032012F1410F7D
:10911800C8BF0131BCF1010F9DD0434493F9012030
:1091280012F1410FC8BF0131BCF1020F3FF493AFF8
:1091380093F9022012F1410FC8BF01318BE780B5C6
:109148006F46D0E90003DB68BDE880401847F0B5FA
:1091580003AF2DE9000F82B08146033020F00300F1
:10916800A0EB090A514537D2002948D001F0030C79
:1091780088084FF0000100F03B82A1EB800E09F156
:1091880001066FF003057219043592F9033092F95C
:10919800064092F9050013F1410F92F90420C8BF67
:1091A800013112F1410FC8BF013110F1410FC8BFA1
:1091B800013114F1410F0EEB0500C8BF0131043035
:1091C800E1D12A1D08461146BCF1000F40F0158276
:1091D80002B0BDE8000FF0BDA1EB0A085FEA980BEA
:1091E800C2D008F0030E484501D100204BE0A9EB9E
:1091F800000010F1040F07D90026002029E0002004
:1092080002B0BDE8000FF0BD09F1010C00206FF0BD
:1092180003010CEB010696F9035096F9062096F91E
:10922800054015F1410F96F90460C8BF013016F1E9
:10923800410FC8BF013014F1410FC8BF013012F10E
:10924800410F01F10402C8BF013011F108061146AF
:10925800DFD119F9061011F1410FC8BF0130BAF179
:10926800010F10D009EB060191F9012012F1410F0D
:10927800C8BF0130BAF1020F05D091F9021011F1FF
:10928800410FC8BF01304FF6FC7109EB0A02C1F665
:10929800FF710025BEF1000F1CD001F1C04101EAA9
:1092A8000801114491F9004014F1410FC8BF01258C
:1092B800BEF1010F0ED091F9014014F1410FC8BF62
:1092C8000135BEF1020F05D091F9021011F1410FDD
:1092D800C8BF0135284411E000263FFA86F33FFA5B
:1092E80096F63344ABEB090B08EB890219F003013E
:1092F80003EB034300EB134040F04981BBF1000F3F
:109308003FF466AF9046BBF1C00FD94628BF4FF077
:10931800C009BBF1040FDFD36FF00F01012201EB8D
:109328008901302902EB1112CDE9002802D200266A
:109338004546AEE04FF6FC710026C1F6FF7102EA21
:10934800010A454695E81450BAF1040A69696FEABA
:1093580002084FEAD81343EA92126FEA040322F094
:10936800FE324FEAD313324443EA94132E6923F0B2
:10937800FE33D5F83C8013446FEA0C024FEAD2144E
:10938800AA6B44EA9C1424F0FE3423446FEA0E04CA
:109398004FEAD41444EA9E1424F0FE3404EB030C80
:1093A8006FEA06044FEAD41444EA9616AB696FEAEA
:1093B800010426F0FE364FEAD41444EA9111B4446D
:1093C800EE696FEA030421F0FE314FEAD41444EA4F
:1093D80093138C44296A6FEA060423F0FE334FEA9C
:1093E800D41444EA96169C446B6A6FEA010426F08A
:1093F800FE364FEAD41444EA9111B444AE6A6FEAD7
:10940800030421F0FE314FEAD41444EA93138C4448
:10941800E96A6FEA060423F0FE334FEAD4149C4449
:109428002B6B44EA96166FEA010426F0FE364FEAE3
:10943800D41444EA91116FEA0304B4446E6B21F02A
:10944800FE314FEAD41444EA9313614423F0FE3307
:1094580005F1400519446FEA06034FEAD31343EABE
:10946800961323F0FE3319446FEA02034FEAD3132D
:1094780043EA921222F0FE3211446FEA08024FEAE0
:10948800D21242EA981222F0FE3202EB01067FF471
:1094980059AF0099DDF8048011F0030C3FF41DAFBB
:1094A80095E81C40BCF1010F6FEA02014FEAD111A7
:1094B80041EA92116FEA03024FEAD21221F0FE311B
:1094C80042EA9312314422F0FE3211446FEA040258
:1094D8004FEAD21242EA941222F0FE3211446FEAA5
:1094E8000E024FEAD21242EA9E1222F0FE3202EB3C
:1094F80001063FF4F2AE05F1100EBCF1020F9EE832
:109508000E406FEA01044FEAD41444EA91116FEA5D
:10951800020421F0FE314FEAD41444EA9212314495
:1095280022F0FE3211446FEA03024FEAD21242EAF5
:10953800931222F0FE3211446FEA0E024FEAD21261
:1095480042EA9E1222F0FE3202EB01063FF4C5AE5B
:1095580020352ECDCC43E40944EA911121F0FE31A7
:109568003144D643F60946EA921222F0FE321144FB
:10957800DA43D20942EA931222F0FE321144EA4356
:10958800D20942EA951222F0FE325618A5E609F0F1
:10959800FC03012958F823206FEA02064FEAD61681
:1095A80046EA921222F0FE3215D008EB8303022914
:1095B8005E686FEA06054FEAD51545EA961626F065
:1095C800FE36324407D09968CB43DB0943EA911150
:1095D80021F0FE310A443FFA82F13FFA92F2114437
:1095E80001EB014100EB114002B0BDE8000FF0BDF6
:1095F8000020BCF1000F3FF4EBAD19F9012012F186
:10960800410FC8BF0130BCF1010F3FF4E1AD49443F
:1096180091F9012012F1410FC8BF0130BCF1020FCE
:109628003FF4D6AD91F9021011F1410FC8BF0130D6
:1096380002B0BDE8000FF0BD80B56F4684B00246A9
:1096480047F24D50C0F2000001A90290781E019027
:1096580040F21D30C2F2200000F0B6F880B56F4627
:1096680084B0024647F23550C0F2000001A90290CA
:10967800781E019040F21D30C2F2200000F0A4F8DC
:1096880080B56F4686B0904213D9CDE9000246F600
:10969800D91001A9C0F200000590CDE90301684680
:1096A800029040F2EB50C2F2200002A91A4600F0E4
:1096B8008BF8914215D8884213D9CDE9000146F6B6
:1096C800D91001A9C0F200000590CDE90301684650
:1096D800029040F21F30C2F2200002A91A4600F0A0
:1096E80073F846F6D910CDE90012C0F2000001A9BE
:1096F800059003906846029040F204500491C2F22B
:10970800200002A91A4600F05FF880B56F4684B0C1
:10971800CDE9000146F62500C0F2000002A9039039
:109728006846029040F21D30C2F2200000F04CF86A
:1097380080B56F46024641F21C20C2F220002B2160
:1097480000F03CF880B56F4688B08DE80F0002A89D
:1097580040F20E0CD7F808E046F61504069046F6D7
:109768002500C0F20000C2F2200C0590684604A94A
:10977800C0F20004049060467246079400F024F892
:1097880080B56F46024641F24720C2F220003321DD
:1097980000F01AF8FEB506AFCDE9000169460548A4
:1097A8000590CDE9030101A8029002A9024800F042
:1097B8000BF800BFD9690000A803202080B56F46C8
:1097C8004900013100F000F880B56F4686B0CDE958
:1097D80001010120ADF8140001A8039003A8049228
:1097E800F8F774FD80B56F46084640F64011C2F29E
:1097F80020012022BDE88040FFF7B6BB80B56F4648
:10980800084641F26021C2F220011822BDE88040DA
:10981800FFF7AABB80B56F46BDE8804000F000B8EE
:10982800F0B503AF2DE9000F8CB0102A1ED34342C8
:1098380003F0030800EB0803984233D2A8F1010CA7
:1098480006460C46B8F1000F1AD00C46064614F826
:1098580001EBB8F1010F06F801EB11D04E78B8F121
:10986800020F467008D18C1C861C09E084460CEB5C
:1098780002039C4540D36CE08E78CC1C8670C61CD5
:10988800BCF1030F0ED3043C043E14F8045F06F841
:10989800045F65787570A578B570E578F570351D45
:1098A8009D42F2D1A2EB080E01EB08042EF0030250
:1098B80014F0030603EB020C59D1634515D2214677
:1098C8000D6843F8045B63450FD24D6843F8045BA9
:1098D80063453EBF8D6843F8045B634505D2CD6898
:1098E800103143F8045B6345EAD3A1180EF0030274
:1098F8000CEB02039C452CD2A2F1010E12F00304DA
:1099080013D00A46654612F8016B012C05F8016B65
:109918000DD04A78022C8CF801201ED18A1C0CF13B
:109928000205BEF1030F05D213E065460A46BEF1F3
:10993800030F0ED3111F2A1F11F8046F02F8046FCA
:109948004E7856708E789670CE78D670161D9E42D8
:10995800F2D10CB0BDE8000FF0BD8A780CF1030518
:109968008CF80220CA1CBEF1030FE3D2F1E74FF0D6
:109978000009C6F1040A0BADCDF82C9005EB060BD7
:109988005FEACA751EBF25788BF800504FF00109B1
:10999800A51B0795F50001955FEA8A7544BF34F861
:1099A80009502BF809501D1DDDF82CB06545019DA7
:1099B800AA46C5F100055CD27342009501EB030984
:1099C80005F0180105460791CDF81090C144079B92
:1099D8002BFA0AFBD9F80410089101FA03F305EBF6
:1099E800080143EA0B038B464BF8083BE34542D298
:1099F800089B0395CDF8189023FA0AF5D9F8089032
:109A0800079B059109FA03F32B434B6001F10C0303
:109A1800634536D2069DED68089529FA0AF5029540
:109A2800DDE9075101FA05F90599029D103145EA6A
:109A380009056145CBF800502DD20699079DDDF840
:109A48001090D1F810B0089909F110090BFA05F532
:109A580021FA0AF12943039D1960103505EB080323
:109A6800191D6145B0D309EB08010791DDF800A085
:109A780018E0AA4616E00B4609F1040107910433E1
:109A88000CE00699CB46DDF800A00831079105994E
:109A980001F1080306E006990C310791DDF800A0F2
:109AA800DDF820B00025012E8DF8285007F8265C37
:109AB80005D10DF128084FF00009002109E00799A8
:109AC800A7F126080D7949798DF828504FEA012920
:109AD8000221E60701D1002109E0079D0435695CF0
:109AE80088F8001017F8261C9DF82850090441EA48
:109AF8000901019E29430AF01805A9402BFA06F628
:109B080031431960F1E6F0B503AF2DE9000F8EB0CF
:109B1800431A93422BD201EB020900EB020C102AE4
:109B28004AD30CF0030A2CF00305CAF1000B654573
:109B380064D2AAF1010EBAF1000F49D0C8466346B3
:109B480018F8014DBAF1010F03F8014D42D0C8468B
:109B5800634618F8024DBAF1020F03F8024D1FBF11
:109B6800C84618F8034D634603F8034D32E0102A3F
:109B780027D3434203F0030800EB0803984280F020
:109B8800C380A8F1010C06460D46B8F1000F00F09D
:109B9800A9800D46064615F801EBB8F1010F06F845
:109BA80001EB00F09F804E78B8F1020F467040F04C
:109BB80095808D1C861C95E06346991A99425BD363
:109BC800F9E084460CEB02039C45C0F0C780F2E044
:109BD8006346C846BEF1030F10D3A8F10406F47813
:109BE80003F8014CB47803F8024C747803F8034C7A
:109BF80016F8044903F8044D9D42F0D3A2EB0A0E6F
:109C080009EB0B0A2EF003042B1BC4F100081AF011
:109C1800030440F0DE80AB4226D2A9F11001ABF17B
:109C2800040901EB0B060CEB0B05F46845F8044C32
:109C38000CEB0904A34217D2B26845F8082C221F7E
:109C480093423FBF726845F80C2CA4F10802934276
:109C58000AD251F80B20ACF1100C103945F8102C31
:109C68000CEB0B029342DCD30AEB08090EF003025B
:109C7800991A994280F09F80A2F1010C12F0030416
:109C880013D04D461A4615F8016D012C02F8016DE6
:109C98000DD04D461A4615F8026D022C02F8026DD9
:109CA80005D019F8032D03F8032D4D461A46BCF1CB
:109CB800030FC0F08080AB1E5E7802F8016C1E783E
:109CC80002F8026C13F8016C02F8036C13F8026CCA
:109CD800043B02F8046D9142EED36CE08E78CD1C03
:109CE8008670C61CBCF1030F0ED3043D043E15F864
:109CF800044F06F8044F6C787470AC78B470EC7844
:109D0800F470341D9C42F2D1A2EB080201EB080565
:109D180022F0030615F0030903EB060C6DD1634529
:109D280015D229460C6843F8044B63450FD24C689A
:109D380043F8044B63453EBF8C6843F8044B6345C6
:109D480005D2CC68103143F8044B6345EAD3A9190E
:109D580002F003020CEB02039C452CD2A2F1010E87
:109D680012F0030413D00A46654612F8016B012C61
:109D780005F8016B0DD04A78022C8CF801201ED111
:109D88008A1C0CF10205BEF1030F05D213E06546EB
:109D98000A46BEF1030F0ED3111F2A1F11F8046FD4
:109DA80002F8046F4E7856708E789670CE78D6701A
:109DB800161D9E42F2D10EB0BDE8000FF0BD8A78A4
:109DC8000CF103058CF80220CA1CBEF1030FE3D284
:109DD800F1E7AAEB04064FF000090796E600012C0C
:109DE8008DF8289007F82E9C0696029440F08E80F5
:109DF8000AAE05960026089699E04FF0000BC9F1C7
:109E0800040A0DACCDF834B004EB090E5FEACA744D
:109E18001EBF2C788EF800404FF0010BA5EB09040B
:109E280007944FEAC90401945FEA8A7444BF35F87D
:109E38000B402EF80B400D9CDDF804A008941C1D67
:109E48006445CAF10004009480F00581C9F100035B
:109E5800DDF820B001EB030E04F018010446079169
:109E6800CDF810E0C644079B2BFA0AFBDEF8041075
:109E78000891039401FA03F304EB080143EA0B0386
:109E88008B464BF8083BE34580F0C680089BCDF82D
:109E980018E0DEF808E023FA0AF4079B05910EFAA9
:109EA80003F323434B6001F10C03634580F0BE804C
:109EB800069CE46808942EFA0AF40294DDE9074146
:109EC80001FA04FE0599029C103144EA0E0461452A
:109ED800CBF8004080F0BC800699079CDDF810E0C4
:109EE800D1F810B008990EF1100E0BFA04F421FA0B
:109EF8000AF12143039C1960103404EB0803191D6F
:109F08006145ADD30EEB08010791A6E0079E96F8D0
:109F18000090767808965FEACA768DF8289001D185
:109F280000240EE04FF00209A7F12E060596079EC1
:109F3800059C16F80960267017F82E6C9DF8289075
:109F48003404089E44EA0626029C46EA0906059659
:109F58001E1D0896AE42069EC6F1000959D2121B74
:109F6800CDF804901144ABF10402039209F01802F1
:109F78000792059A01EB0B09049107990CEB0B0664
:109F880059F8044C069D02FA01F124FA05F211432E
:109F980046F8041C03990CEB01020899914240D23F
:109FA80059F8081C059107998C40059921FA05F57F
:109FB8000899254346F8085C151FA9423ED207991F
:109FC800059D59F80C4C05FA01F1069D24FA05F592
:109FD800294346F80C1CA2F108050899A94275D234
:109FE8000799ACF1100C59F8109C0CEB0B05069A6C
:109FF80004FA01F129FA02F2114346F8101C0499F7
:10A00800089A1039AA424A46B4D35944934607914C
:10A018001BE0DDF814B062E00B460EF104010433D6
:10A0280018E0DDE903611546314453E00699F3462B
:10A0380008310791059901F108030EE0DDE9036293
:10A04800DDF814B03244043A0792DDE9019446E0A1
:10A0580006990C310791DDF820B00024B9F1010F01
:10A068008DF82C4007F82A4C06D10DF12C094FF039
:10A0780000084FF0000E0AE00799A7F12A094FF0EF
:10A08800020E0C7949798DF82C404FEA0128E9072E
:10A0980002D14FF0000E0BE00799043111F80E10B1
:10A0A80089F8001017F82A1C9DF82C404FEA014E39
:10A0B80001992BFA01F948EA0E012143009C04F0AA
:10A0C8001804A14041EA0901196040E6DDE90321CD
:10A0D800114408390791A346DDF80490029C0CA9A5
:10A0E800002601EB040C07990C9621440A1FC4F1C1
:10A0F8000401CC071EBF14788CF80040012689079C
:10A1080044BF915B2CF806100C99069AD14009F0CF
:10A1180018020BFA02F2114345F8041CA4E580B5B5
:10A128006F46BDE88040FFF7EEBC80B56F46042956
:10A1380005D30B1FDA4312F00C0F02D11AE00246C6
:10A1480024E04FF0000C024642F804CB13F00C0F49
:10A1580008D003F00C02C0F804C0042A05D108395D
:10A16800083006E01946104604E000220C398260E7
:10A178000C3002460C2B09D3002302461039C2E9E1
:10A188000033C2E9023310320329F7D8501882424B
:10A1980021D2A1F1010C11F003030CD04FF0000EF5
:10A1A800114601F801EB012B0AD0022B82F801E0DD
:10A1B80003D1911C04E0114602E000219170D11CEA
:10A1C800BCF1030F38BF80BD0439002241F8042FC9
:10A1D8000B1D8342FAD180BD80B56F4604290DD38B
:10A1E8005FFA82FC4FF001330CFB03FCA1F1040E73
:10A1F8006FEA0E0313F00C0F02D118E0034622E0B9
:10A2080003461EF00C0F43F804CB08D00EF00C03E5
:10A21800C0F804C0042B05D10839083006E071469F
:10A22800184604E0C0F808C00C390C300346BEF1EB
:10A238000C0F08D303461039C3E900CCC3E902CC9C
:10A2480010330329F7D85818834220D2A1F1010C02
:10A2580011F0030E0DD01946BEF1010F01F8012BC4
:10A2680008D05A70BEF1020F1ABF9A70D91C991CF7
:10A2780000E01946BCF1030F38BF80BD043901F86E
:10A28800042F0B1D8342CA708A704A70F7D180BDB3
:10A29800042A09D3D0B502AFA2F1040E6FEA0E0367
:10A2A80013F00C0F06D123E00B468446604619468E
:10A2B800FFF7B6BA0B46844653F8044B1EF00C0F52
:10A2C8004CF8044B09D04B6843600EF00C03042B88
:10A2D80007D1083A0831083008E072466046194646
:10A2E80006E08B680C3A83600C310C3084460B46D0
:10A2F800BEF10C0F14D384460B461868103ACCF8FC
:10A308000000032A5868CCF804009868CCF80800C4
:10A31800D86803F11003CCF80C000CF1100CECD841
:10A32800BDE8D04060461946FFF77ABA10B584B048
:10A3380002AC009400F004F8029A039B04B010BD2C
:10A3480080B56F4686B0844602A8CDE900236246F0
:10A358000B4600F00DF8D7F808C0DDE90201BCF1A2
:10A36800000F1CBFDDE90432CCE9003206B080BD25
:10A37800F0B503AF2DE9000BD7E902E8BEF1000FF5
:10A3880072D0B8F1000F6FD1002B00F0FC8073453C
:10A3980080F00781B3FA83F1BEFA8EF6711A01F1E3
:10A3A800200608BF1F26C6F1200508FA06F10EFA96
:10A3B80006F82EFA05F52943B6F1200506F01F0622
:10A3C80058BF0EFA05F14FF0010505FA06FC4FF0EB
:10A3D800000558BF4FF0000808E0224633464FEA10
:10A3E800181444EA01784FEA1C1C0909B2EB080466
:10A3F80063EB0106002E03D445EA0C0502D12DE0DB
:10A4080014461E465FEA51034FEA3802A21A66EB69
:10A418000303002B04D445EA5C05144602D11DE071
:10A42800224633464FEA980444EA8174141B63EBCE
:10A438009106002E03D445EA9C0502D10EE014468D
:10A448001E464FEAD80242EA4172A21A66EBD103CD
:10A45800002BC2D445EADC051446C0D1B4FBFEF19A
:10A4680001FB1E46294392E0B2EB0E064FF00001B5
:10A4780073EB08067CD3002B7AD0B3FA83F1B8FAD1
:10A4880088F6711A01F03F0601F01F01C6F1200499
:10A4980008FA06F50EFA06FC2EFA04F42C43B6F177
:10A4A800200558BF0EFA05F44FF0010505FA01F929
:10A4B8004FF0000158BF4FF0000C08E032462B4621
:10A4C8004FEA1C1646EA047C4FEA19192409B2EB34
:10A4D8000C0673EB040507D441EA0901B6EB0E023A
:10A4E80075EB080202D23AE016461D465FEA5403AD
:10A4F8004FEA3C02B21A75EB030309D4B2EB0E051E
:10A5080041EA590173EB080516461D4602D226E0BA
:10A5180032462B464FEA9C0545EA8475561B63EB89
:10A528009405002D07D441EA9901B6EB0E0275EBAC
:10A53800080202D213E016461D464FEADC0242EA40
:10A548004472B21A65EBD403002BB7D4B2EB0E05F4
:10A5580041EAD90173EB080516461D46B0D24FF003
:10A56800000CC0E9001CC0E90265BDE8000BF0BDA5
:10A578004FF0000C16461D46C0E9001CC0E90265F4
:10A58800BDE8000BF0BDB2FBFEF101FB1E264FF04B
:10A59800000C0025C0E9001CC0E90265BDE8000BFD
:10A5A800F0BD0DD1B2FBF3F1002501FB13264FF0EE
:10A5B800010CC0E9001CC0E90265BDE8000BF0BD54
:10A5C800B3FBFEFCBEF5803F0CFB1E351AD22904F6
:10A5D800002541EA1241B1FBFEF303FB0EF14CEA00
:10A5E800134CC1EB1241C2EA0141B1FBFEF202FB7E
:10A5F8001E1642EA0341C0E9001CC0E90265BDE835
:10A60800000BF0BDB2EB0E0175EB080108D200217A
:10A618001646C0E9001CC0E90265BDE8000BF0BDA4
:10A628004FEAC87141EA5E034FEACE794FF000481D
:10A63800002108E0224635464FEA191444EA037916
:10A648004FEA18181B09B2EB090465EB0306002E44
:10A6580003D441EA080102D12DE014462E465FEAF0
:10A6680053054FEA3902A21A66EB0505002D04D4FA
:10A6780041EA5801144602D11DE0224635464FEA08
:10A68800990444EA8374141B65EB9306002E03D4E3
:10A6980041EA980102D10EE014462E464FEAD9024B
:10A6A80042EA4372A21A66EBD305002DC2D441EAEE
:10A6B800D8011446C0D1B4FBFEF2002502FB1E46A9
:10A6C8001143C0E9001CC0E90265BDE8000BF0BDFC
:08A6D80080B56F46FEE70000AB
:10A6E00070616E6963206F63637572726564C00226
:10A6F0003A20C0002F686F6D652F6D6479736F6E9F
:10A700002F2E636172676F2F726567697374727938
:10A710002F7372632F696E6465782E63726174653E
:10A72000732E696F2D31393439636638633662357B
:10A7300062353537662F696D7872742D7573626472
:10A740002D302E322E322F7372632F72616C2E7267
:10A7500073002F686F6D652F6D6479736F6E2F2E88
:10A76000636172676F2F72656769737472792F7393
:10A7700072632F696E6465782E6372617465732EDF
:10A78000696F2D3139343963663863366235623525
:10A790003537662F7573622D6465766963652D3074
:10A7A0002E322E392F7372632F636F6E74726F6C3B
:10A7B0005F706970652E7273007372632F6D6169CB
:10A7C0006E2E7273002F686F6D652F6D6479736FD5
:10A7D0006E2F2E636172676F2F7265676973747273
:10A7E000792F7372632F696E6465782E637261745A
:10A7F00065732E696F2D313934396366386336627B
:10A800003562353537662F7573622D6465766963F9
:10A81000652D302E322E392F7372632F656E647062
:10A820006F696E742E7273002F686F6D652F6D6483
:10A8300079736F6E2F2E636172676F2F7265676910
:10A84000737472792F7372632F696E6465782E63E7
:10A8500072617465732E696F2D31393439636638CE
:10A860006336623562353537662F696D7872742DBF
:10A8700068616C2D302E352E31342F7372632F6347
:10A880006869702F696D787274313078782F7465CB
:10A890006D706D6F6E2E7273002F686F6D652F6D0A
:10A8A0006479736F6E2F2E636172676F2F726567A5
:10A8B00069737472792F7372632F696E6465782E71
:10A8C0006372617465732E696F2D31393439636633
:10A8D000386336623562353537662F7573622D649D
:10A8E00065766963652D302E322E392F7372632F92
:10A8F0006275732E7273002F686F6D652F6D6479AA
:10A90000736F6E2F2E636172676F2F726567697345
:10A910007472792F7372632F696E6465782E637217
:10A92000617465732E696F2D31393439636638630C
:10A9300036623562353537662F696D7872742D75DC
:10A940007362642D302E322E322F7372632F627534
:10A95000732E7273002F686F6D652F6D6479736F3E
:10A960006E2F636F6E74726F6C2D72732F636F6EC8
:10A9700074726F6C2D72732D68696C2F7372632FF4
:10A98000636F6D6D732E7273002F686F6D652F6D21
:10A990006479736F6E2F2E636172676F2F726567B4
:10A9A00069737472792F7372632F696E6465782E80
:10A9B0006372617465732E696F2D31393439636642
:10A9C000386336623562353537662F696D78727453
:10A9D0002D68616C2D302E352E31342F7372632F1C
:10A9E000636869702F696D787274313078782F637D
:10A9F000636D2F616E616C6F672E727300C00016FD
:10AA0000736C69636520696E646578207374617224
:10AA1000747320617420C00D2062757420656E64AB
:10AA20007320617420C0002F686F6D652F6D64798D
:10AA3000736F6E2F2E636172676F2F726567697314
:10AA40007472792F7372632F696E6465782E6372E6
:10AA5000617465732E696F2D3139343963663863DB
:10AA600036623562353537662F7465656E737934B5
:10AA70002D6273702D302E352E322F7372632F623C
:10AA80006F6172642E72730020696E646578206F46
:10AA90007574206F6620626F756E64733A207468F7
:10AAA00065206C656E20697320C012206275742069
:10AAB00074686520696E64657820697320C0002F12
:10AAC000686F6D652F6D6479736F6E2F2E63617281
:10AAD000676F2F72656769737472792F7372632F52
:10AAE000696E6465782E6372617465732E696F2D6B
:10AAF00031393439636638633662356235353766E5
:10AB00002F757362642D73657269616C2D302E31FF
:10AB10002E312F7372632F6275666665722E7273A3
:10AB20000002002F686F6D652F6D6479736F6E2F53
:10AB30002E636172676F2F72656769737472792F04
:10AB40007372632F696E6465782E637261746573C6
:10AB50002E696F2D31393439636638633662356258
:10AB6000353537662F696D7872742D757362642D73
:10AB7000302E322E322F7372632F647269766572B3
:10AB80002E7273002F686F6D652F6D6479736F6E11
:10AB90002F2E636172676F2F7265676973747279A4
:10ABA0002F7372632F696E6465782E6372617465AA
:10ABB000732E696F2D3139343963663863366235E7
:10ABC00062353537662F696D7872742D75736264DE
:10ABD0002D302E322E322F7372632F737461746591
:10ABE0002E7273001072616E676520656E64206955
:10ABF0006E64657820C022206F7574206F662072A5
:10AC0000616E676520666F7220736C696365206F83
:10AC100066206C656E67746820C0002F686F6D6574
:10AC20002F6D6479736F6E2F2E636172676F2F7251
:10AC3000656769737472792F7372632F696E6465C7
:10AC4000782E6372617465732E696F2D31393439D2
:10AC50006366386336623562353537662F696D78DD
:10AC600072742D646D612D302E312E312F7372630D
:10AC70002F6368616E6E656C2E7273003D696E7431
:10AC800065726E616C206572726F723A20656E74C7
:10AC90006572656420756E726561636861626C657A
:10ACA00020636F64653A20454E4450544354524CDF
:10ACB00020726567697374657220C00E20646F65C9
:10ACC000736E2774206578697374001272616E6701
:10ACD0006520737461727420696E64657820C02287
:10ACE000206F7574206F662072616E676520666FD5
:10ACF0007220736C696365206F66206C656E677483
:10AD00006820C0002F686F6D652F6D6479736F6E5A
:10AD10002F2E636172676F2F726567697374727922
:10AD20002F7372632F696E6465782E637261746528
:10AD3000732E696F2D313934396366386336623565
:10AD400062353537662F7573622D64657669636584
:10AD50002D302E322E392F7372632F64657669631E
:10AD6000652E7273002F686F6D652F6D6479736F38
:10AD70006E2F2E636172676F2F72656769737472CD
:10AD8000792F7372632F696E6465782E63726174B4
:10AD900065732E696F2D31393439636638633662D5
:10ADA0003562353537662F7573622D646576696354
:10ADB000652D302E322E392F7372632F64657363C5
:10ADC000726970746F722E7273002F727573746370
:10ADD0002F6534303839343762666432303061661A
:10ADE000343264623332326461663066616466654F
:10ADF0003765323664336264312F6C696272617216
:10AE0000792F636F72652F7372632F666D742F6E67
:10AE1000756D2E7273000000720020206600000025
:10AE20008500000041000000720020206600000044
:10AE30004F0000003100000072002020660000007A
:10AE4000CF000000330000007200202066000000E8
:10AE50003E00000012000000D90020200B0000007E
:10AE6000AA0000002B0000007465656E7379342D14
:10AE70006273702D6578616D706C65000000000074
:10AE8000480100000400000087110000B109000023
:10AE9000A3090000BF090000B9090000611100000A
:10AEA00053110000AB090000AB0900006F11000056
:10AEB000D90020200B0000006500000029000000E0
:10AEC000D90020200B0000005F00000024000000DB
:10AED000D90020200B000000A700000001000000A6
:10AEE000B90120205D000000DE0000000E0000001F
:10AEF000B90120205D000000B40000002400000023
:10AF0000B90120205D000000AE000000120000002A
:10AF1000B90120205D000000AB000000200000000F
:10AF2000B90120205D000000C200000024000000E4
:10AF300055736242757320696E697469616C697AD0
:10AF40006174696F6E206E6F7420636F6D706C65D5
:10AF500074650000E5002020620000005100000040
:10AF60000D000000556E6B6E6F776E207374617408
:10AF700065206265666F72652073757370656E64B7
:10AF80002406202060000000B00000001A0000002D
:10AF9000000000000100000001000000CD210000C1
:10AFA000030000000000000000000000000000009E
:10AFB0000000000000000000000000000000000091
:10AFC0006661696C656420746F20616C6C6F6320CE
:10AFD000636F6E74726F6C20656E64706F696E74EF
:10AFE0000A0000000A0000000E000000100000002F
:10AFF000160000000F0000000B0000000C00000015
:10B00000456E64706F696E74206D656D6F72792026
:10B01000616C72656164792061737369676E6564E0
:10B0200052656643656C6C20616C72656164792061
:10B030006D757461626C7920626F72726F7765648E
:10B0400001080104050304080409040A040B010DA6
:10B05000000F020D0306010F0606050F050E060080
:10B0600024062020600000005B0000000E000000AD
:10B070002406202060000000520000000E000000A6
:10B08000DF032020610000006D00000016000000BA
:10B09000DF03202061000000620000001F000000AC
:10B0A000DF032020610000003A00000021000000C2
:10B0B000617373657274696F6E206661696C656433
:10B0C0003A2073656C662E617661696C61626C65AD
:10B0D0005F77726974655F776974686F75745F64B0
:10B0E0006973636172642829203E3D206D61785F39
:10B0F000636F756E74000000DF03202061000000A4
:10B100005100000009000000DF0320206100000062
:10B110005300000027000000616C6C6F635F657076
:10B12000206661696C656400B90120205D00000043
:10B13000040100000E000000B90120205D000000A5
:10B14000160100000E000000576F756C64426C6FB2
:10B15000636B50617273654572726F724275666699
:10B1600065724F766572666C6F777465656E73791C
:10B170005F7069645F7375697465456E64706F694B
:10B180006E744F766572666C6F77050C000E000664
:10B19000010C03010303050D0607456E64706F691A
:10B1A0006E744D656D6F72794F766572666C6F77F0
:10B1B000496E76616C6964456E64706F696E745532
:10B1C0006E737570706F72746564496E76616C69C8
:10B1D000645374617465001001000000680A202047
:10B1E000720A20207C0A20209A0A2020BA0A2020F5
:10B1F000D00A2020DF0A2020EA0A2020456E647051
:10B200006F696E7420737461746520616C7265611E
:10B2100064792061737369676E656400430420205C
:10B2200060000000540000002E00000043042020B5
:10B23000600000005A000000120000008506202077
:10B240006400000065000000090000008506202061
:10B250006400000066000000090000008506202050
:10B26000640000005D00000025000000850620202D
:10B27000640000003B0100001B0000007465737453
:10B280005F6761696E5F696E657175616C6974791C
:10B29000746573745F6B705F626F756E64737465F1
:10B2A00073745F696E74656E74696F6E616C5F66EE
:10B2B00061696C75726500009C0B20201400000011
:10B2C0006B290000B00B20200E0000001F29000099
:10B2D000BE0B202018000000FB290000494E5445F9
:10B2E0004752414C5F4741494E61737365727469BF
:10B2F0006F6E206661696C65643A206B70203E3D1C
:10B3000020353030202626206B70203C3D20353003
:10B3100030300000D90020200B0000009D0000000C
:10B3200009000000444552495641544956455F477B
:10B3300041494E00000000000C0000000400000025
:10B34000152A0000C93900001D2A0000D739000065
:10B35000D0420020540C2020B8420020540C202061
:10B36000C4420020540C2020D80B202003000000F1
:10B370008A0A202010000000700C2020030000002A
:10B3800050524F504F5254494F4E414C5F474149E4
:10B390004E617373657274696F6E206661696C6566
:10B3A000643A206B70203E206B690000D900202099
:10B3B0000B00000094000000090000006173736539
:10B3C0007274696F6E206661696C65643A206B699E
:10B3D000203E206B64000000D90020200B000000FC
:10B3E0009500000009000000496E74656E74696F75
:10B3F0006E616C6C79206661696C656420746F2085
:10B4000064656D6F6E737472617465205455492064
:10B41000737461746520726574656E74696F6E0013
:10B42000D90020200B000000A1000000090000004E
:10B430007502202033000000D3000000210000002E
:10B440007502202033000000030100000500000009
:10B4500054797065206D69736D617463683A206515
:10B460007870656374656420553332020302040208
:10B4700005060C01000101010201030106010A0099
:10B480000C010B000D0106010A000C010B000D015F
:10B490000D000F020D030606000503050F050E0241
:10B4A00003020501000101010201030303010C0075
:10B4B0000E00060607050C050D0301040804090427
:10B4C0000A040B050103000706010801040606052E
:10B4D00009050A050B617373657274696F6E2066E6
:10B4E00061696C65643A202154414B454E2E737757
:10B4F000617028747275652C204F72646572696E74
:10B50000673A3A536571437374290000470320205A
:10B5100060000000B1000000050000004175646992
:10B520006F20504C4C2064697669646572207365A5
:10B530006C656374696F6E206D757374206265202D
:10B54000696E2072616E67652066726F6D2032379A
:10B5500020746F20353420696E636C75736976656D
:10B56000A9022020730000007700000009000000FD
:10B57000504C4C207265717569726573206E756DE3
:10B58000657261746F72206265206C6573732074DC
:10B5900068616E207468652064656E6F6D696E61A8
:10B5A000746F7200A9022020730000007B0000006D
:10B5B00009000000A90220207300000066000000BE
:10B5C0000F0000004D6178696D756D20504C4C3452
:10B5D000206F75747075742072616E676520697371
:10B5E0002066726F6D203635304D487A20746F209A
:10B5F000312E3347487A0000A90220207300000052
:10B6000080000000090000000000000000000000B1
:10B610000100000001000000010000000000100017
:10B6200000000800000010000000080000000000FA
:10B630004801202070000000A0000000160000005B
:10B64000170220205D000000F30000001F00000032
:10B65000170220205D000000E50000001B00000034
:10B660004304202060000000CC00000047000000E0
:10B670004304202060000000680100000E0000006C
:10B680004304202060000000F4000000450000009A
:10B690004304202060000000020100004700000079
:10B6A0004304202060000000520100000E00000052
:10B6B0004304202060000000120100003700000059
:10B6C000430420206000000040010000370000001B
:10B6D00043042020600000002B0100003700000020
:10B6E000140020205D00000025000000160000006E
:10B6F000A40420205F0000000701000021000000DA
:10B70000A40420205F0000000E01000021000000C2
:10B71000A40420205F000000CD00000021000000F4
:10B72000A40420205F000000BB0000001D000000FA
:10B73000850620206400000065000000090000006C
:10B74000850620206400000066000000090000005B
:10B7500085062020640000005D0000002500000038
:10B760008506202064000000040100001F00000086
:10B770008506202064000000A300000011000000E6
:10B780008506202064000000580100000900000028
:10B790008506202064000000590100000900000017
:10B7A00085062020640000006201000015000000F2
:10B7B0008506202064000000930100001B000000AB
:10B7C00085062020640000009E01000009000000A2
:10B7D00085062020640000009F0100000900000091
:10B7E0008506202064000000A00100000900000080
:10B7F0008506202064000000A3010000180000005E
:10B80000000000008506202064000000AC0100005C
:10B81000180000003B0520206000000067000000C9
:10B820000A000000303030313032303330343035BF
:10B8300030363037303830393130313131323133E0
:10B8400031343135313631373138313932303231C6
:10B8500032323233323432353236323732383239AC
:10B8600033303331333233333334333533363337A4
:10B87000333833393430343134323433343434358A
:10B880003436343734383439353035313532353370
:10B890003534353535363537353835393630363156
:10B8A000363236333634363536363637363836393C
:10B8B0003730373137323733373437353736373734
:10B8C000373837393830383138323833383438351A
:10B8D0003836383738383839393039313932393300
:10B8E000393439353936393739383939EA0620208B
:10B8F0004B0000005E0200000500000063616C6CFC
:10B90000656420604F7074696F6E3A3A756E777235
:10B910006170282960206F6E206120604E6F6E6517
:10B92000602076616C7565617474656D70742074E7
:10B930006F20646976696465206279207A65726F28
:10B9400052656643656C6C20616C72656164792038
:08B95000626F72726F7765648B
:10B95800FC0B20200D00000090010000440C20206A
:10B968000F00000050000000A00C20201100000073
:10B97800DC050000FFFFFFFF0000000000000000E2
:10B9880000000000000000000000000000000000AF
:10B99800000000000000000000000000000000009F
:10B9A800000000000000000000000000000000008F
:10B9B800000000000000000000000000000000007F
:10B9C800000000000000000000000000000000006F
:10B9D800000000000000000000000000000000005F
:10B9E800000000000000000000000000000000004F
:10B9F800000000000000000000000000000000003F
:10BA0800000000000000000000000000000000002E
:10BA1800000000000000000000000000000000001E
:10BA2800000000000000000000000000000000000E
:10BA380000000000000000000000000000000000FE
:10BA480000000000000000000000000000000000EE
:10BA580000000000000000000000000000000000DE
:10BA680000000000000000000000000000000000CE
:10BA780000000000000000000000000000000000BE
:10BA880000000000000000000000000000000000AE
:10BA9800000000000000000000000000000000009E
:10BAA800000000000000000000000000000000008E
:10BAB800000000000000000000000000000000007E
:10BAC800000000000000000000000000000000006E
:10BAD800000000000000000000000000000000005E
:10BAE800000000000000000000000000000000004E
:10BAF800000000000000000000800E4000C00E4062
:04BB0800880C202065
:040000056000103156
:00000001FF
